﻿<?xml version="1.0" ?>
<profile version="9">
    <devices>
        <device device-guid="{141B1470-1081-11F0-8006-444553540000}" label="" name="Sol-R [L] Flightstick" type="joystick">
            <mode inherit="SCM Mode" name="Auxiliary Mode">
                <axis description="" id="1"/>
                <axis description="" id="2"/>
                <axis description="" id="3"/>
                <axis description="" id="4"/>
                <axis description="" id="5"/>
                <axis description="" id="6"/>
                <axis description="" id="7"/>
                <axis description="" id="8"/>
                <button description="" id="1"/>
                <button description="" id="2"/>
                <button description="" id="3"/>
                <button description="" id="4"/>
                <button description="" id="5"/>
                <button description="" id="6"/>
                <button description="" id="7"/>
                <button description="" id="8"/>
                <button description="" id="9"/>
                <button description="" id="10"/>
                <button description="" id="11"/>
                <button description="" id="12"/>
                <button description="" id="13"/>
                <button description="" id="14"/>
                <button description="" id="15"/>
                <button description="" id="16"/>
                <button description="" id="17"/>
                <button description="" id="18"/>
                <button description="" id="19"/>
                <button description="" id="20"/>
                <button description="" id="21"/>
                <button description="" id="22"/>
                <button description="" id="23"/>
                <button description="" id="24"/>
                <button description="" id="25"/>
                <button description="" id="26"/>
                <button description="" id="27"/>
                <button description="" id="28"/>
                <button description="" id="29"/>
                <button description="" id="30"/>
                <button description="" id="31"/>
                <button description="" id="32"/>
                <button description="" id="33"/>
                <button description="" id="34"/>
                <button description="" id="35"/>
                <button description="" id="36"/>
                <button description="" id="37"/>
                <button description="" id="38"/>
                <button description="" id="39"/>
                <button description="" id="40"/>
                <button description="" id="41"/>
                <button description="" id="42"/>
                <button description="" id="43"/>
                <button description="" id="44"/>
                <hat description="" id="1"/>
            </mode>
            <mode inherit="SCM Mode" name="Modifier">
                <axis description="" id="1"/>
                <axis description="" id="2"/>
                <axis description="" id="3"/>
                <axis description="" id="4">
                    <container type="basic">
                        <action-set>
                            <remap button="45" vjoy="1"/>
                        </action-set>
                        <virtual-button direction="anywhere" lower-limit="-0.95" upper-limit="-1.0"/>
                    </container>
                    <container type="basic">
                        <action-set>
                            <remap button="47" vjoy="1"/>
                        </action-set>
                        <virtual-button direction="anywhere" lower-limit="0.95" upper-limit="1.0"/>
                    </container>
                </axis>
                <axis description="" id="5">
                    <container type="basic">
                        <action-set>
                            <remap button="46" vjoy="1"/>
                        </action-set>
                        <virtual-button direction="anywhere" lower-limit="-0.95" upper-limit="-1.0"/>
                    </container>
                    <container type="basic">
                        <action-set>
                            <remap button="48" vjoy="1"/>
                        </action-set>
                        <virtual-button direction="anywhere" lower-limit="0.95" upper-limit="1.0"/>
                    </container>
                </axis>
                <axis description="" id="6"/>
                <axis description="" id="7"/>
                <axis description="" id="8">
                    <container type="basic">
                        <action-set/>
                    </container>
                </axis>
                <button description="" id="1">
                    <container type="basic">
                        <action-set>
                            <remap button="51" vjoy="1"/>
                        </action-set>
                    </container>
                </button>
                <button description="" id="2">
                    <container type="basic">
                        <action-set>
                            <remap button="52" vjoy="1"/>
                        </action-set>
                    </container>
                </button>
                <button description="" id="3">
                    <container type="basic">
                        <action-set>
                            <remap button="53" vjoy="1"/>
                        </action-set>
                    </container>
                </button>
                <button description="" id="4">
                    <container type="basic">
                        <action-set>
                            <remap button="54" vjoy="1"/>
                        </action-set>
                    </container>
                </button>
                <button description="" id="5">
                    <container type="basic">
                        <action-set>
                            <remap button="55" vjoy="1"/>
                        </action-set>
                    </container>
                </button>
                <button description="" id="6">
                    <container type="basic">
                        <action-set>
                            <remap button="56" vjoy="1"/>
                        </action-set>
                    </container>
                </button>
                <button description="" id="7">
                    <container type="basic">
                        <action-set>
                            <remap button="57" vjoy="1"/>
                        </action-set>
                    </container>
                </button>
                <button description="" id="8">
                    <container type="basic">
                        <action-set>
                            <remap button="58" vjoy="1"/>
                        </action-set>
                    </container>
                </button>
                <button description="" id="9">
                    <container type="basic">
                        <action-set>
                            <remap button="59" vjoy="1"/>
                        </action-set>
                    </container>
                </button>
                <button description="" id="10">
                    <container type="basic">
                        <action-set>
                            <remap button="60" vjoy="1"/>
                        </action-set>
                    </container>
                </button>
                <button description="" id="11">
                    <container type="basic">
                        <action-set>
                            <remap button="61" vjoy="1"/>
                        </action-set>
                    </container>
                </button>
                <button description="" id="12">
                    <container type="basic">
                        <action-set>
                            <remap button="62" vjoy="1"/>
                        </action-set>
                    </container>
                </button>
                <button description="" id="13">
                    <container type="basic">
                        <action-set>
                            <remap button="63" vjoy="1"/>
                        </action-set>
                    </container>
                </button>
                <button description="" id="14">
                    <container type="basic">
                        <action-set>
                            <remap button="64" vjoy="1"/>
                        </action-set>
                    </container>
                </button>
                <button description="" id="15">
                    <container type="basic">
                        <action-set>
                            <remap button="65" vjoy="1"/>
                        </action-set>
                    </container>
                </button>
                <button description="" id="16">
                    <container type="basic">
                        <action-set>
                            <remap button="66" vjoy="1"/>
                        </action-set>
                    </container>
                </button>
                <button description="" id="17">
                    <container type="basic">
                        <action-set>
                            <remap button="67" vjoy="1"/>
                        </action-set>
                    </container>
                </button>
                <button description="" id="18">
                    <container type="basic">
                        <action-set>
                            <remap button="68" vjoy="1"/>
                        </action-set>
                    </container>
                </button>
                <button description="" id="19">
                    <container type="basic">
                        <action-set>
                            <remap button="69" vjoy="1"/>
                        </action-set>
                    </container>
                </button>
                <button description="" id="20">
                    <container type="basic">
                        <action-set>
                            <remap button="70" vjoy="1"/>
                        </action-set>
                    </container>
                </button>
                <button description="" id="21">
                    <container type="basic">
                        <action-set>
                            <remap button="71" vjoy="1"/>
                        </action-set>
                    </container>
                </button>
                <button description="" id="22">
                    <container type="basic">
                        <action-set>
                            <remap button="72" vjoy="1"/>
                        </action-set>
                    </container>
                </button>
                <button description="" id="23">
                    <container type="basic">
                        <action-set>
                            <remap button="73" vjoy="1"/>
                        </action-set>
                    </container>
                </button>
                <button description="" id="24">
                    <container type="basic">
                        <action-set>
                            <remap button="74" vjoy="1"/>
                        </action-set>
                    </container>
                </button>
                <button description="" id="25">
                    <container type="basic">
                        <action-set>
                            <remap button="75" vjoy="1"/>
                        </action-set>
                    </container>
                </button>
                <button description="" id="26">
                    <container type="basic">
                        <action-set>
                            <remap button="76" vjoy="1"/>
                        </action-set>
                    </container>
                </button>
                <button description="" id="27">
                    <container type="basic">
                        <action-set>
                            <remap button="77" vjoy="1"/>
                        </action-set>
                    </container>
                </button>
                <button description="" id="28">
                    <container type="basic">
                        <action-set>
                            <temporary-mode-switch name="Modifier"/>
                        </action-set>
                    </container>
                </button>
                <button description="" id="29">
                    <container type="basic">
                        <action-set>
                            <remap button="79" vjoy="1"/>
                        </action-set>
                    </container>
                </button>
                <button description="" id="30">
                    <container activate-on="release" delay="0.5" type="tempo">
                        <action-set>
                            <remap button="80" vjoy="1"/>
                        </action-set>
                        <action-set>
                            <macro>
                                <properties/>
                                <actions>
                                    <key extended="False" press="True" scan-code="62"/>
                                    <pause duration="0.2"/>
                                    <key extended="False" press="True" scan-code="55"/>
                                    <pause duration="0.01"/>
                                    <key extended="False" press="False" scan-code="55"/>
                                    <pause duration="0.2"/>
                                    <key extended="False" press="False" scan-code="62"/>
                                </actions>
                            </macro>
                        </action-set>
                    </container>
                </button>
                <button description="" id="31">
                    <container type="basic">
                        <action-set>
                            <remap button="81" vjoy="1"/>
                        </action-set>
                    </container>
                </button>
                <button description="" id="32">
                    <container type="basic">
                        <action-set>
                            <remap button="82" vjoy="1"/>
                        </action-set>
                    </container>
                </button>
                <button description="" id="33">
                    <container type="basic">
                        <action-set>
                            <remap button="83" vjoy="1"/>
                        </action-set>
                    </container>
                </button>
                <button description="" id="34">
                    <container type="basic">
                        <action-set>
                            <remap button="84" vjoy="1"/>
                        </action-set>
                    </container>
                </button>
                <button description="" id="35">
                    <container type="basic">
                        <action-set>
                            <remap button="85" vjoy="1"/>
                        </action-set>
                    </container>
                </button>
                <button description="" id="36">
                    <container type="basic">
                        <action-set>
                            <remap button="86" vjoy="1"/>
                        </action-set>
                    </container>
                </button>
                <button description="" id="37">
                    <container type="basic">
                        <action-set>
                            <remap button="87" vjoy="1"/>
                        </action-set>
                    </container>
                </button>
                <button description="" id="38">
                    <container type="basic">
                        <action-set>
                            <remap button="88" vjoy="1"/>
                        </action-set>
                    </container>
                </button>
                <button description="" id="39">
                    <container type="basic">
                        <action-set>
                            <remap button="89" vjoy="1"/>
                        </action-set>
                    </container>
                </button>
                <button description="" id="40">
                    <container type="basic">
                        <action-set>
                            <remap button="90" vjoy="1"/>
                        </action-set>
                    </container>
                </button>
                <button description="" id="41">
                    <container type="basic">
                        <action-set>
                            <remap button="91" vjoy="1"/>
                        </action-set>
                    </container>
                </button>
                <button description="" id="42">
                    <container type="basic">
                        <action-set>
                            <remap button="92" vjoy="1"/>
                        </action-set>
                    </container>
                </button>
                <button description="" id="43">
                    <container type="basic">
                        <action-set>
                            <remap button="93" vjoy="1"/>
                        </action-set>
                    </container>
                </button>
                <button description="" id="44">
                    <container type="basic">
                        <action-set>
                            <remap button="94" vjoy="1"/>
                        </action-set>
                    </container>
                </button>
                <hat description="" id="1">
                    <container type="basic">
                        <action-set>
                            <remap hat="2" vjoy="1"/>
                        </action-set>
                    </container>
                </hat>
            </mode>
            <mode inherit="SCM Mode" name="Nav Mode">
                <axis description="" id="1"/>
                <axis description="" id="2"/>
                <axis description="" id="3"/>
                <axis description="" id="4"/>
                <axis description="" id="5"/>
                <axis description="" id="6"/>
                <axis description="" id="7"/>
                <axis description="" id="8"/>
                <button description="" id="1"/>
                <button description="" id="2"/>
                <button description="" id="3"/>
                <button description="" id="4"/>
                <button description="" id="5"/>
                <button description="" id="6"/>
                <button description="" id="7"/>
                <button description="" id="8"/>
                <button description="" id="9"/>
                <button description="" id="10"/>
                <button description="" id="11"/>
                <button description="" id="12"/>
                <button description="" id="13"/>
                <button description="" id="14"/>
                <button description="" id="15"/>
                <button description="" id="16"/>
                <button description="" id="17"/>
                <button description="" id="18"/>
                <button description="" id="19"/>
                <button description="" id="20"/>
                <button description="" id="21"/>
                <button description="" id="22"/>
                <button description="" id="23"/>
                <button description="" id="24"/>
                <button description="" id="25"/>
                <button description="" id="26"/>
                <button description="" id="27"/>
                <button description="" id="28">
                    <container type="basic">
                        <action-set>
                            <temporary-mode-switch name="Modifier"/>
                        </action-set>
                    </container>
                </button>
                <button description="" id="29"/>
                <button description="" id="30"/>
                <button description="" id="31"/>
                <button description="" id="32"/>
                <button description="" id="33"/>
                <button description="" id="34"/>
                <button description="" id="35"/>
                <button description="" id="36">
                    <container activate-on="release" delay="0.25" type="tempo">
                        <action-set>
                            <remap button="36" vjoy="1"/>
                        </action-set>
                        <action-set>
                            <cycle-modes>
                                <mode name="SCM Mode"/>
                            </cycle-modes>
                            <remap button="128" vjoy="1"/>
                            <play-sound file="//truenas/00-Common/Peripherals/Joystick Bindings/GitHub Bindings/Subs-Curated-Bindings/[Enhanced] Dual TM SOL-R/Audio Files/Computer/Computer_SCM_Mode.wav" volume="50"/>
                            <text-to-speech text=" "/>
                        </action-set>
                    </container>
                </button>
                <button description="" id="37"/>
                <button description="" id="38"/>
                <button description="" id="39"/>
                <button description="" id="40"/>
                <button description="" id="41"/>
                <button description="" id="42"/>
                <button description="" id="43"/>
                <button description="" id="44"/>
                <hat description="" id="1"/>
            </mode>
            <mode name="SCM Mode">
                <axis description="" id="1">
                    <container type="basic">
                        <action-set>
                            <remap axis="1" axis-scaling="1.0" axis-type="absolute" vjoy="1"/>
                        </action-set>
                    </container>
                </axis>
                <axis description="" id="2">
                    <container type="basic">
                        <action-set>
                            <remap axis="2" axis-scaling="1.0" axis-type="absolute" vjoy="1"/>
                        </action-set>
                    </container>
                </axis>
                <axis description="" id="3">
                    <container type="basic">
                        <action-set>
                            <remap axis="3" axis-scaling="1.0" axis-type="absolute" vjoy="1"/>
                        </action-set>
                    </container>
                </axis>
                <axis description="" id="4">
                    <container type="basic">
                        <action-set>
                            <remap axis="4" axis-scaling="1.0" axis-type="absolute" vjoy="1"/>
                        </action-set>
                    </container>
                </axis>
                <axis description="" id="5">
                    <container type="basic">
                        <action-set>
                            <remap axis="5" axis-scaling="1.0" axis-type="absolute" vjoy="1"/>
                        </action-set>
                    </container>
                </axis>
                <axis description="" id="6">
                    <container type="basic">
                        <action-set>
                            <remap axis="6" axis-scaling="1.0" axis-type="absolute" vjoy="1"/>
                        </action-set>
                    </container>
                </axis>
                <axis description="" id="7">
                    <container type="basic">
                        <action-set>
                            <remap axis="7" axis-scaling="1.0" axis-type="absolute" vjoy="1"/>
                        </action-set>
                    </container>
                </axis>
                <axis description="" id="8">
                    <container type="basic">
                        <action-set>
                            <remap axis="8" axis-scaling="1.0" axis-type="absolute" vjoy="1"/>
                        </action-set>
                    </container>
                </axis>
                <button description="" id="1">
                    <container type="basic">
                        <action-set>
                            <remap button="1" vjoy="1"/>
                        </action-set>
                    </container>
                </button>
                <button description="" id="2">
                    <container type="basic">
                        <action-set>
                            <remap button="2" vjoy="1"/>
                        </action-set>
                    </container>
                </button>
                <button description="" id="3">
                    <container type="basic">
                        <action-set>
                            <remap button="3" vjoy="1"/>
                        </action-set>
                    </container>
                </button>
                <button description="" id="4">
                    <container type="basic">
                        <action-set>
                            <remap button="4" vjoy="1"/>
                        </action-set>
                    </container>
                </button>
                <button description="" id="5">
                    <container type="basic">
                        <action-set>
                            <remap button="5" vjoy="1"/>
                        </action-set>
                    </container>
                </button>
                <button description="" id="6">
                    <container type="basic">
                        <action-set>
                            <remap button="6" vjoy="1"/>
                        </action-set>
                    </container>
                </button>
                <button description="" id="7">
                    <container type="basic">
                        <action-set>
                            <remap button="7" vjoy="1"/>
                        </action-set>
                    </container>
                </button>
                <button description="" id="8">
                    <container type="basic">
                        <action-set>
                            <remap button="8" vjoy="1"/>
                        </action-set>
                    </container>
                </button>
                <button description="" id="9">
                    <container type="basic">
                        <action-set>
                            <remap button="9" vjoy="1"/>
                        </action-set>
                    </container>
                </button>
                <button description="" id="10">
                    <container type="basic">
                        <action-set>
                            <remap button="10" vjoy="1"/>
                        </action-set>
                    </container>
                </button>
                <button description="" id="11">
                    <container type="basic">
                        <action-set>
                            <remap button="11" vjoy="1"/>
                        </action-set>
                    </container>
                </button>
                <button description="" id="12">
                    <container type="basic">
                        <action-set>
                            <remap button="12" vjoy="1"/>
                        </action-set>
                    </container>
                </button>
                <button description="" id="13">
                    <container type="basic">
                        <action-set>
                            <remap button="13" vjoy="1"/>
                        </action-set>
                    </container>
                </button>
                <button description="" id="14">
                    <container type="basic">
                        <action-set>
                            <remap button="14" vjoy="1"/>
                        </action-set>
                    </container>
                </button>
                <button description="" id="15">
                    <container type="basic">
                        <action-set>
                            <remap button="15" vjoy="1"/>
                        </action-set>
                    </container>
                </button>
                <button description="" id="16">
                    <container type="basic">
                        <action-set>
                            <remap button="16" vjoy="1"/>
                        </action-set>
                    </container>
                </button>
                <button description="" id="17">
                    <container type="basic">
                        <action-set>
                            <remap button="17" vjoy="1"/>
                        </action-set>
                    </container>
                </button>
                <button description="" id="18">
                    <container type="basic">
                        <action-set>
                            <remap button="18" vjoy="1"/>
                        </action-set>
                    </container>
                </button>
                <button description="" id="19">
                    <container type="basic">
                        <action-set>
                            <remap button="19" vjoy="1"/>
                        </action-set>
                    </container>
                </button>
                <button description="" id="20">
                    <container activate-on="press" delay="0.5" type="tempo">
                        <action-set/>
                        <action-set>
                            <cycle-modes>
                                <mode name="Nav Mode"/>
                            </cycle-modes>
                            <remap button="127" vjoy="1"/>
                            <play-sound file="//truenas/00-Common/Peripherals/Joystick Bindings/GitHub Bindings/Subs-Curated-Bindings/[Enhanced] Dual TM SOL-R/Audio Files/Computer/Computer_Navigation_Mode.wav" volume="50"/>
                            <text-to-speech text=" "/>
                        </action-set>
                    </container>
                </button>
                <button description="" id="21">
                    <container activate-on="press" delay="0.5" type="tempo">
                        <action-set/>
                        <action-set>
                            <cycle-modes>
                                <mode name="SCM Mode"/>
                            </cycle-modes>
                            <remap button="128" vjoy="1"/>
                            <play-sound file="//truenas/00-Common/Peripherals/Joystick Bindings/GitHub Bindings/Subs-Curated-Bindings/[Enhanced] Dual TM SOL-R/Audio Files/Computer/Computer_SCM_Mode.wav" volume="50"/>
                            <text-to-speech text=" "/>
                        </action-set>
                    </container>
                </button>
                <button description="" id="22">
                    <container activate-on="press" delay="0.5" type="tempo">
                        <action-set>
                            <remap button="125" vjoy="1"/>
                            <play-sound file="//truenas/00-Common/Peripherals/Joystick Bindings/GitHub Bindings/Subs-Curated-Bindings/[Enhanced] Dual TM SOL-R/Audio Files/Computer/Computer_Auxiliary_Mode.wav" volume="50"/>
                        </action-set>
                        <action-set/>
                    </container>
                </button>
                <button description="" id="23">
                    <container activate-on="press" delay="0.5" type="tempo">
                        <action-set/>
                        <action-set>
                            <cycle-modes>
                                <mode name="Auxiliary Mode"/>
                            </cycle-modes>
                            <remap button="126" vjoy="1"/>
                            <play-sound file="//truenas/00-Common/Peripherals/Joystick Bindings/GitHub Bindings/Subs-Curated-Bindings/[Enhanced] Dual TM SOL-R/Audio Files/Computer/Computer_Auxiliary_Mode.wav" volume="50"/>
                            <text-to-speech text=" "/>
                        </action-set>
                    </container>
                </button>
                <button description="" id="24">
                    <container type="basic">
                        <action-set>
                            <remap button="24" vjoy="1"/>
                        </action-set>
                    </container>
                </button>
                <button description="" id="25">
                    <container type="basic">
                        <action-set>
                            <remap button="25" vjoy="1"/>
                        </action-set>
                    </container>
                </button>
                <button description="" id="26">
                    <container type="basic">
                        <action-set>
                            <remap button="26" vjoy="1"/>
                        </action-set>
                    </container>
                </button>
                <button description="" id="27">
                    <container type="basic">
                        <action-set>
                            <remap button="27" vjoy="1"/>
                        </action-set>
                    </container>
                </button>
                <button description="" id="28">
                    <container type="basic">
                        <action-set>
                            <temporary-mode-switch name="Modifier"/>
                        </action-set>
                    </container>
                </button>
                <button description="" id="29">
                    <container type="basic">
                        <action-set>
                            <remap button="29" vjoy="1"/>
                        </action-set>
                    </container>
                </button>
                <button description="" id="30">
                    <container type="basic">
                        <action-set>
                            <remap button="30" vjoy="1"/>
                        </action-set>
                    </container>
                </button>
                <button description="" id="31">
                    <container type="basic">
                        <action-set>
                            <remap button="31" vjoy="1"/>
                        </action-set>
                    </container>
                </button>
                <button description="" id="32">
                    <container type="basic">
                        <action-set>
                            <remap button="32" vjoy="1"/>
                        </action-set>
                    </container>
                </button>
                <button description="" id="33">
                    <container type="basic">
                        <action-set>
                            <remap button="33" vjoy="1"/>
                        </action-set>
                    </container>
                </button>
                <button description="" id="34">
                    <container type="basic">
                        <action-set>
                            <remap button="34" vjoy="1"/>
                        </action-set>
                    </container>
                </button>
                <button description="" id="35">
                    <container type="basic">
                        <action-set>
                            <remap button="35" vjoy="1"/>
                        </action-set>
                    </container>
                </button>
                <button description="" id="36">
                    <container activate-on="release" delay="0.25" type="tempo">
                        <action-set>
                            <remap button="36" vjoy="1"/>
                        </action-set>
                        <action-set>
                            <cycle-modes>
                                <mode name="Nav Mode"/>
                            </cycle-modes>
                            <remap button="127" vjoy="1"/>
                            <play-sound file="//truenas/00-Common/Peripherals/Joystick Bindings/GitHub Bindings/Subs-Curated-Bindings/[Enhanced] Dual TM SOL-R/Audio Files/Computer/Computer_Navigation_Mode.wav" volume="50"/>
                            <text-to-speech text=" "/>
                        </action-set>
                    </container>
                </button>
                <button description="" id="37">
                    <container type="basic">
                        <action-set>
                            <remap button="37" vjoy="1"/>
                        </action-set>
                    </container>
                </button>
                <button description="" id="38">
                    <container type="basic">
                        <action-set>
                            <remap button="38" vjoy="1"/>
                        </action-set>
                    </container>
                </button>
                <button description="" id="39">
                    <container type="basic">
                        <action-set>
                            <remap button="39" vjoy="1"/>
                        </action-set>
                    </container>
                </button>
                <button description="" id="40">
                    <container type="basic">
                        <action-set>
                            <remap button="40" vjoy="1"/>
                        </action-set>
                    </container>
                </button>
                <button description="" id="41">
                    <container type="basic">
                        <action-set>
                            <remap button="41" vjoy="1"/>
                        </action-set>
                    </container>
                </button>
                <button description="" id="42">
                    <container type="basic">
                        <action-set>
                            <remap button="42" vjoy="1"/>
                        </action-set>
                    </container>
                </button>
                <button description="" id="43">
                    <container type="basic">
                        <action-set>
                            <remap button="43" vjoy="1"/>
                        </action-set>
                    </container>
                </button>
                <button description="" id="44">
                    <container type="basic">
                        <action-set>
                            <remap button="44" vjoy="1"/>
                        </action-set>
                    </container>
                </button>
                <hat description="" id="1">
                    <container type="basic">
                        <action-set/>
                    </container>
                </hat>
            </mode>
        </device>
        <device device-guid="{6686F980-1082-11F0-8008-444553540000}" label="" name="Sol-R [R] Flightstick" type="joystick">
            <mode inherit="SCM Mode" name="Auxiliary Mode">
                <axis description="" id="1"/>
                <axis description="" id="2"/>
                <axis description="" id="3"/>
                <axis description="" id="4"/>
                <axis description="" id="5"/>
                <axis description="" id="6"/>
                <axis description="" id="7"/>
                <axis description="" id="8"/>
                <button description="" id="1"/>
                <button description="" id="2"/>
                <button description="" id="3"/>
                <button description="" id="4"/>
                <button description="" id="5"/>
                <button description="" id="6"/>
                <button description="" id="7"/>
                <button description="" id="8"/>
                <button description="" id="9"/>
                <button description="" id="10"/>
                <button description="" id="11"/>
                <button description="" id="12"/>
                <button description="" id="13"/>
                <button description="" id="14"/>
                <button description="" id="15"/>
                <button description="" id="16"/>
                <button description="" id="17"/>
                <button description="" id="18"/>
                <button description="" id="19"/>
                <button description="" id="20"/>
                <button description="" id="21"/>
                <button description="" id="22"/>
                <button description="" id="23"/>
                <button description="" id="24"/>
                <button description="" id="25"/>
                <button description="" id="26"/>
                <button description="" id="27"/>
                <button description="" id="28"/>
                <button description="" id="29"/>
                <button description="" id="30"/>
                <button description="" id="31"/>
                <button description="" id="32"/>
                <button description="" id="33"/>
                <button description="" id="34"/>
                <button description="" id="35"/>
                <button description="" id="36"/>
                <button description="" id="37"/>
                <button description="" id="38"/>
                <button description="" id="39"/>
                <button description="" id="40"/>
                <button description="" id="41"/>
                <button description="" id="42"/>
                <button description="" id="43"/>
                <button description="" id="44"/>
                <hat description="" id="1"/>
            </mode>
            <mode inherit="SCM Mode" name="Modifier">
                <axis description="" id="1"/>
                <axis description="" id="2"/>
                <axis description="" id="3"/>
                <axis description="" id="4">
                    <container type="basic">
                        <action-set>
                            <remap button="45" vjoy="2"/>
                        </action-set>
                        <virtual-button direction="anywhere" lower-limit="-0.95" upper-limit="-1.0"/>
                    </container>
                    <container type="basic">
                        <action-set>
                            <remap button="47" vjoy="2"/>
                        </action-set>
                        <virtual-button direction="anywhere" lower-limit="0.95" upper-limit="1.0"/>
                    </container>
                </axis>
                <axis description="" id="5">
                    <container type="basic">
                        <action-set>
                            <remap button="46" vjoy="2"/>
                        </action-set>
                        <virtual-button direction="anywhere" lower-limit="-0.95" upper-limit="-1.0"/>
                    </container>
                    <container type="basic">
                        <action-set>
                            <remap button="48" vjoy="2"/>
                        </action-set>
                        <virtual-button direction="anywhere" lower-limit="0.95" upper-limit="1.0"/>
                    </container>
                </axis>
                <axis description="" id="6"/>
                <axis description="" id="7"/>
                <axis description="" id="8"/>
                <button description="" id="1">
                    <container type="basic">
                        <action-set>
                            <remap button="51" vjoy="2"/>
                        </action-set>
                    </container>
                </button>
                <button description="" id="2">
                    <container type="basic">
                        <action-set>
                            <remap button="52" vjoy="2"/>
                        </action-set>
                    </container>
                </button>
                <button description="" id="3">
                    <container type="basic">
                        <action-set>
                            <remap button="53" vjoy="2"/>
                        </action-set>
                    </container>
                </button>
                <button description="" id="4">
                    <container type="basic">
                        <action-set>
                            <remap button="54" vjoy="2"/>
                        </action-set>
                    </container>
                </button>
                <button description="" id="5">
                    <container type="basic">
                        <action-set>
                            <remap button="55" vjoy="2"/>
                        </action-set>
                    </container>
                </button>
                <button description="" id="6">
                    <container type="basic">
                        <action-set>
                            <remap button="56" vjoy="2"/>
                        </action-set>
                    </container>
                </button>
                <button description="" id="7">
                    <container type="basic">
                        <action-set>
                            <remap button="57" vjoy="2"/>
                        </action-set>
                    </container>
                </button>
                <button description="" id="8">
                    <container type="basic">
                        <action-set>
                            <remap button="58" vjoy="2"/>
                        </action-set>
                    </container>
                </button>
                <button description="" id="9">
                    <container type="basic">
                        <action-set>
                            <remap button="59" vjoy="2"/>
                        </action-set>
                    </container>
                </button>
                <button description="" id="10">
                    <container type="basic">
                        <action-set>
                            <remap button="60" vjoy="2"/>
                        </action-set>
                    </container>
                </button>
                <button description="" id="11">
                    <container type="basic">
                        <action-set>
                            <remap button="61" vjoy="2"/>
                        </action-set>
                    </container>
                </button>
                <button description="" id="12">
                    <container type="basic">
                        <action-set>
                            <remap button="62" vjoy="2"/>
                        </action-set>
                    </container>
                </button>
                <button description="" id="13">
                    <container type="basic">
                        <action-set>
                            <remap button="63" vjoy="2"/>
                        </action-set>
                    </container>
                </button>
                <button description="" id="14">
                    <container type="basic">
                        <action-set>
                            <remap button="64" vjoy="2"/>
                        </action-set>
                    </container>
                </button>
                <button description="" id="15">
                    <container type="basic">
                        <action-set>
                            <remap button="65" vjoy="2"/>
                        </action-set>
                    </container>
                </button>
                <button description="" id="16">
                    <container type="basic">
                        <action-set>
                            <remap button="66" vjoy="2"/>
                        </action-set>
                    </container>
                </button>
                <button description="" id="17">
                    <container type="basic">
                        <action-set>
                            <remap button="67" vjoy="2"/>
                        </action-set>
                    </container>
                </button>
                <button description="" id="18">
                    <container type="basic">
                        <action-set>
                            <remap button="68" vjoy="2"/>
                        </action-set>
                    </container>
                </button>
                <button description="" id="19">
                    <container type="basic">
                        <action-set>
                            <remap button="69" vjoy="2"/>
                        </action-set>
                    </container>
                </button>
                <button description="" id="20">
                    <container type="basic">
                        <action-set>
                            <remap button="70" vjoy="2"/>
                        </action-set>
                    </container>
                </button>
                <button description="" id="21">
                    <container type="basic">
                        <action-set>
                            <remap button="71" vjoy="2"/>
                        </action-set>
                    </container>
                </button>
                <button description="" id="22">
                    <container type="basic">
                        <action-set>
                            <remap button="72" vjoy="2"/>
                        </action-set>
                    </container>
                </button>
                <button description="" id="23">
                    <container type="basic">
                        <action-set>
                            <remap button="73" vjoy="2"/>
                        </action-set>
                    </container>
                </button>
                <button description="" id="24">
                    <container type="basic">
                        <action-set>
                            <remap button="74" vjoy="2"/>
                        </action-set>
                    </container>
                </button>
                <button description="" id="25">
                    <container type="basic">
                        <action-set>
                            <remap button="75" vjoy="2"/>
                        </action-set>
                    </container>
                </button>
                <button description="" id="26">
                    <container type="basic">
                        <action-set>
                            <remap button="76" vjoy="2"/>
                        </action-set>
                    </container>
                </button>
                <button description="" id="27">
                    <container type="basic">
                        <action-set>
                            <remap button="77" vjoy="2"/>
                        </action-set>
                    </container>
                </button>
                <button description="" id="28">
                    <container type="basic">
                        <action-set>
                            <remap button="78" vjoy="2"/>
                        </action-set>
                    </container>
                </button>
                <button description="" id="29">
                    <container type="basic">
                        <action-set>
                            <remap button="79" vjoy="2"/>
                        </action-set>
                    </container>
                </button>
                <button description="" id="30">
                    <container type="basic">
                        <action-set>
                            <remap button="80" vjoy="2"/>
                        </action-set>
                    </container>
                </button>
                <button description="" id="31">
                    <container type="basic">
                        <action-set>
                            <remap button="81" vjoy="2"/>
                        </action-set>
                    </container>
                </button>
                <button description="" id="32">
                    <container type="basic">
                        <action-set>
                            <remap button="82" vjoy="2"/>
                        </action-set>
                    </container>
                </button>
                <button description="" id="33">
                    <container type="basic">
                        <action-set>
                            <remap button="83" vjoy="2"/>
                        </action-set>
                    </container>
                </button>
                <button description="" id="34">
                    <container type="basic">
                        <action-set>
                            <remap button="84" vjoy="2"/>
                        </action-set>
                    </container>
                </button>
                <button description="" id="35">
                    <container type="basic">
                        <action-set>
                            <remap button="85" vjoy="2"/>
                        </action-set>
                    </container>
                </button>
                <button description="" id="36">
                    <container type="basic">
                        <action-set>
                            <remap button="86" vjoy="2"/>
                        </action-set>
                    </container>
                </button>
                <button description="" id="37">
                    <container type="basic">
                        <action-set>
                            <remap button="87" vjoy="2"/>
                        </action-set>
                    </container>
                </button>
                <button description="" id="38">
                    <container type="basic">
                        <action-set>
                            <remap button="88" vjoy="2"/>
                        </action-set>
                    </container>
                </button>
                <button description="" id="39">
                    <container type="basic">
                        <action-set>
                            <remap button="89" vjoy="2"/>
                        </action-set>
                    </container>
                </button>
                <button description="" id="40">
                    <container type="basic">
                        <action-set>
                            <remap button="90" vjoy="2"/>
                        </action-set>
                    </container>
                </button>
                <button description="" id="41">
                    <container type="basic">
                        <action-set>
                            <remap button="91" vjoy="2"/>
                        </action-set>
                    </container>
                </button>
                <button description="" id="42">
                    <container type="basic">
                        <action-set>
                            <remap button="92" vjoy="2"/>
                        </action-set>
                    </container>
                </button>
                <button description="" id="43">
                    <container type="basic">
                        <action-set>
                            <remap button="93" vjoy="2"/>
                        </action-set>
                    </container>
                </button>
                <button description="" id="44">
                    <container type="basic">
                        <action-set>
                            <remap button="94" vjoy="2"/>
                        </action-set>
                    </container>
                </button>
                <hat description="" id="1"/>
            </mode>
            <mode inherit="SCM Mode" name="Nav Mode">
                <axis description="" id="1"/>
                <axis description="" id="2"/>
                <axis description="" id="3"/>
                <axis description="" id="4"/>
                <axis description="" id="5"/>
                <axis description="" id="6"/>
                <axis description="" id="7"/>
                <axis description="" id="8"/>
                <button description="" id="1"/>
                <button description="" id="2"/>
                <button description="" id="3">
                    <container activate-on="release" delay="0.5" type="tempo">
                        <action-set>
                            <remap button="3" vjoy="2"/>
                        </action-set>
                        <action-set>
                            <cycle-modes>
                                <mode name="Auxiliary Mode"/>
                            </cycle-modes>
                            <remap button="125" vjoy="1"/>
                            <play-sound file="F:/Peripherals/Joystick Bindings/[ADV] Dual VKB Gunfighter SCG/Audio Files/Computer/Computer_Auxiliary_Mode.wav" volume="50"/>
                        </action-set>
                    </container>
                </button>
                <button description="" id="4"/>
                <button description="" id="5"/>
                <button description="" id="6"/>
                <button description="" id="7"/>
                <button description="" id="8"/>
                <button description="" id="9"/>
                <button description="" id="10"/>
                <button description="" id="11"/>
                <button description="" id="12"/>
                <button description="" id="13"/>
                <button description="" id="14"/>
                <button description="" id="15"/>
                <button description="" id="16"/>
                <button description="" id="17"/>
                <button description="" id="18"/>
                <button description="" id="19"/>
                <button description="" id="20"/>
                <button description="" id="21"/>
                <button description="" id="22"/>
                <button description="" id="23"/>
                <button description="" id="24"/>
                <button description="" id="25"/>
                <button description="" id="26"/>
                <button description="" id="27"/>
                <button description="" id="28"/>
                <button description="" id="29"/>
                <button description="" id="30"/>
                <button description="" id="31"/>
                <button description="" id="32"/>
                <button description="" id="33"/>
                <button description="" id="34"/>
                <button description="" id="35">
                    <container activate-on="release" delay="0.5" type="tempo">
                        <action-set>
                            <remap button="35" vjoy="2"/>
                        </action-set>
                        <action-set>
                            <cycle-modes>
                                <mode name="Auxiliary Mode"/>
                            </cycle-modes>
                            <remap button="125" vjoy="1"/>
                            <play-sound file="//truenas/00-Common/Peripherals/Joystick Bindings/GitHub Bindings/Subs-Curated-Bindings/[Enhanced] Dual TM SOL-R/Audio Files/Computer/Computer_Auxiliary_Mode.wav" volume="50"/>
                        </action-set>
                    </container>
                </button>
                <button description="" id="36"/>
                <button description="" id="37"/>
                <button description="" id="38"/>
                <button description="" id="39"/>
                <button description="" id="40"/>
                <button description="" id="41"/>
                <button description="" id="42"/>
                <button description="" id="43"/>
                <button description="" id="44"/>
                <hat description="" id="1"/>
            </mode>
            <mode name="SCM Mode">
                <axis description="" id="1">
                    <container type="basic">
                        <action-set>
                            <remap axis="1" axis-scaling="1.0" axis-type="absolute" vjoy="2"/>
                        </action-set>
                    </container>
                </axis>
                <axis description="" id="2">
                    <container type="basic">
                        <action-set>
                            <remap axis="2" axis-scaling="1.0" axis-type="absolute" vjoy="2"/>
                        </action-set>
                    </container>
                </axis>
                <axis description="" id="3"/>
                <axis description="" id="4">
                    <container type="basic">
                        <action-set>
                            <response-curve>
                                <mapping type="cubic-bezier-spline">
                                    <control-point x="-1.0" y="-1.0"/>
                                    <control-point x="-0.8" y="-0.8"/>
                                    <control-point x="0.8" y="0.8"/>
                                    <control-point x="1.0" y="1.0"/>
                                </mapping>
                                <deadzone center-high="0.0" center-low="0.0" high="1.0" low="-1.0"/>
                            </response-curve>
                            <map-to-mouse button-id="1" direction="90" max-speed="3000" min-speed="0" motion-input="True" time-to-max-speed="1.0"/>
                        </action-set>
                    </container>
                </axis>
                <axis description="" id="5">
                    <container type="basic">
                        <action-set>
                            <response-curve>
                                <mapping type="cubic-spline">
                                    <control-point x="-1.0" y="1.0"/>
                                    <control-point x="1.0" y="-1.0"/>
                                </mapping>
                                <deadzone center-high="0.0" center-low="0.0" high="1.0" low="-1.0"/>
                            </response-curve>
                            <map-to-mouse button-id="1" direction="0" max-speed="3000" min-speed="0" motion-input="True" time-to-max-speed="1.0"/>
                        </action-set>
                    </container>
                </axis>
                <axis description="" id="6">
                    <container type="basic">
                        <action-set>
                            <remap axis="6" axis-scaling="1.0" axis-type="absolute" vjoy="2"/>
                        </action-set>
                    </container>
                </axis>
                <axis description="" id="7">
                    <container type="basic">
                        <action-set>
                            <remap axis="7" axis-scaling="1.0" axis-type="absolute" vjoy="2"/>
                        </action-set>
                    </container>
                </axis>
                <axis description="" id="8">
                    <container type="basic">
                        <action-set>
                            <remap axis="8" axis-scaling="1.0" axis-type="absolute" vjoy="2"/>
                        </action-set>
                    </container>
                </axis>
                <button description="" id="1">
                    <container type="basic">
                        <action-set>
                            <remap button="1" vjoy="2"/>
                        </action-set>
                    </container>
                </button>
                <button description="" id="2">
                    <container type="basic">
                        <action-set>
                            <remap button="2" vjoy="2"/>
                        </action-set>
                    </container>
                </button>
                <button description="" id="3">
                    <container type="basic">
                        <action-set>
                            <remap button="3" vjoy="2"/>
                        </action-set>
                    </container>
                </button>
                <button description="" id="4">
                    <container type="basic">
                        <action-set>
                            <remap button="4" vjoy="2"/>
                        </action-set>
                    </container>
                </button>
                <button description="" id="5">
                    <container type="basic">
                        <action-set>
                            <remap button="5" vjoy="2"/>
                        </action-set>
                    </container>
                </button>
                <button description="" id="6">
                    <container type="basic">
                        <action-set>
                            <remap button="6" vjoy="2"/>
                        </action-set>
                    </container>
                </button>
                <button description="" id="7">
                    <container type="basic">
                        <action-set>
                            <remap button="7" vjoy="2"/>
                        </action-set>
                    </container>
                </button>
                <button description="" id="8">
                    <container type="basic">
                        <action-set>
                            <remap button="8" vjoy="2"/>
                        </action-set>
                    </container>
                </button>
                <button description="" id="9">
                    <container type="basic">
                        <action-set>
                            <remap button="9" vjoy="2"/>
                        </action-set>
                    </container>
                </button>
                <button description="" id="10">
                    <container type="basic">
                        <action-set>
                            <remap button="10" vjoy="2"/>
                        </action-set>
                    </container>
                </button>
                <button description="" id="11">
                    <container type="basic">
                        <action-set>
                            <remap button="11" vjoy="2"/>
                        </action-set>
                    </container>
                </button>
                <button description="" id="12">
                    <container type="basic">
                        <action-set>
                            <remap button="12" vjoy="2"/>
                        </action-set>
                    </container>
                </button>
                <button description="" id="13">
                    <container type="basic">
                        <action-set>
                            <remap button="13" vjoy="2"/>
                        </action-set>
                    </container>
                </button>
                <button description="" id="14">
                    <container type="basic">
                        <action-set>
                            <remap button="14" vjoy="2"/>
                        </action-set>
                    </container>
                </button>
                <button description="" id="15">
                    <container type="basic">
                        <action-set>
                            <remap button="15" vjoy="2"/>
                        </action-set>
                    </container>
                </button>
                <button description="" id="16">
                    <container type="basic">
                        <action-set>
                            <remap button="16" vjoy="2"/>
                        </action-set>
                    </container>
                </button>
                <button description="" id="17">
                    <container type="basic">
                        <action-set>
                            <remap button="17" vjoy="2"/>
                        </action-set>
                    </container>
                </button>
                <button description="" id="18">
                    <container type="basic">
                        <action-set>
                            <remap button="18" vjoy="2"/>
                        </action-set>
                    </container>
                </button>
                <button description="" id="19">
                    <container type="basic">
                        <action-set>
                            <remap button="19" vjoy="2"/>
                        </action-set>
                    </container>
                </button>
                <button description="" id="20">
                    <container type="basic">
                        <action-set>
                            <remap button="20" vjoy="2"/>
                        </action-set>
                    </container>
                </button>
                <button description="" id="21">
                    <container type="basic">
                        <action-set>
                            <remap button="21" vjoy="2"/>
                        </action-set>
                    </container>
                </button>
                <button description="" id="22">
                    <container type="basic">
                        <action-set>
                            <remap button="22" vjoy="2"/>
                        </action-set>
                    </container>
                </button>
                <button description="" id="23">
                    <container type="basic">
                        <action-set>
                            <remap button="23" vjoy="2"/>
                        </action-set>
                    </container>
                </button>
                <button description="" id="24">
                    <container type="basic">
                        <action-set>
                            <remap button="24" vjoy="2"/>
                        </action-set>
                    </container>
                </button>
                <button description="" id="25">
                    <container type="basic">
                        <action-set>
                            <remap button="25" vjoy="2"/>
                        </action-set>
                    </container>
                </button>
                <button description="" id="26">
                    <container type="basic">
                        <action-set>
                            <remap button="26" vjoy="2"/>
                        </action-set>
                    </container>
                </button>
                <button description="" id="27">
                    <container type="basic">
                        <action-set>
                            <remap button="27" vjoy="2"/>
                        </action-set>
                    </container>
                </button>
                <button description="" id="28">
                    <container type="basic">
                        <action-set>
                            <remap button="28" vjoy="2"/>
                        </action-set>
                    </container>
                </button>
                <button description="" id="29">
                    <container type="basic">
                        <action-set>
                            <remap button="29" vjoy="2"/>
                        </action-set>
                    </container>
                </button>
                <button description="" id="30">
                    <container type="basic">
                        <action-set>
                            <remap button="30" vjoy="2"/>
                        </action-set>
                    </container>
                </button>
                <button description="" id="31">
                    <container type="basic">
                        <action-set>
                            <remap button="31" vjoy="2"/>
                        </action-set>
                    </container>
                </button>
                <button description="" id="32">
                    <container type="basic">
                        <action-set>
                            <remap button="32" vjoy="2"/>
                        </action-set>
                    </container>
                </button>
                <button description="" id="33">
                    <container type="basic">
                        <action-set>
                            <remap button="33" vjoy="2"/>
                        </action-set>
                    </container>
                </button>
                <button description="" id="34">
                    <container type="basic">
                        <action-set>
                            <remap button="34" vjoy="2"/>
                        </action-set>
                    </container>
                </button>
                <button description="" id="35">
                    <container type="basic">
                        <action-set>
                            <remap button="35" vjoy="2"/>
                        </action-set>
                    </container>
                </button>
                <button description="" id="36">
                    <container type="basic">
                        <action-set>
                            <remap button="36" vjoy="2"/>
                        </action-set>
                    </container>
                </button>
                <button description="" id="37">
                    <container type="basic">
                        <action-set>
                            <remap button="37" vjoy="2"/>
                        </action-set>
                    </container>
                </button>
                <button description="" id="38">
                    <container type="basic">
                        <action-set>
                            <remap button="38" vjoy="2"/>
                        </action-set>
                    </container>
                </button>
                <button description="" id="39">
                    <container type="basic">
                        <action-set>
                            <remap button="39" vjoy="2"/>
                        </action-set>
                    </container>
                </button>
                <button description="" id="40">
                    <container type="basic">
                        <action-set>
                            <remap button="40" vjoy="2"/>
                        </action-set>
                    </container>
                </button>
                <button description="" id="41">
                    <container type="basic">
                        <action-set>
                            <remap button="41" vjoy="2"/>
                        </action-set>
                    </container>
                </button>
                <button description="" id="42">
                    <container type="basic">
                        <action-set>
                            <remap button="42" vjoy="2"/>
                        </action-set>
                    </container>
                </button>
                <button description="" id="43">
                    <container type="basic">
                        <action-set>
                            <remap button="43" vjoy="2"/>
                        </action-set>
                    </container>
                </button>
                <button description="" id="44">
                    <container type="basic">
                        <action-set>
                            <remap button="44" vjoy="2"/>
                        </action-set>
                    </container>
                </button>
                <hat description="" id="1">
                    <container type="basic">
                        <action-set>
                            <remap hat="1" vjoy="2"/>
                        </action-set>
                    </container>
                </hat>
            </mode>
        </device>
        <device device-guid="{6F1D2B61-D5A0-11CF-BFC7-444553540000}" label="" name="keyboard" type="keyboard">
            <mode inherit="SCM Mode" name="Auxiliary Mode"/>
            <mode inherit="SCM Mode" name="Modifier"/>
            <mode inherit="SCM Mode" name="Nav Mode"/>
            <mode name="SCM Mode"/>
        </device>
    </devices>
    <vjoy-devices>
    </vjoy-devices>
    <settings>
        <default-delay>0.05</default-delay>
    </settings>
    <plugins/>
</profile>
