<ActionMaps version="1" optionsVersion="2" rebindVersion="2" profileName="SUB_Clear_Bindings">
 <CustomisationUIHeader label="SUB_Clear_Bindings" description="" image="">
  <devices>
   <keyboard instance="1"/>
   <mouse instance="1"/>
   <joystick instance="1"/>
   <joystick instance="2"/>
  </devices>
  <categories>
   <category label="@ui_CCSeatGeneral"/>
   <category label="@ui_CCSpaceFlight"/>
   <category label="@ui_CCTurrets"/>
   <category label="@ui_CGLightControllerDesc"/>
   <category label="@ui_CCFPS"/>
   <category label="@ui_CCEVA"/>
   <category label="@ui_CCEVAZGT"/>
   <category label="@ui_CCVehicle"/>
   <category label="@ui_CGEASpectator"/>
   <category label="@ui_CGUIGeneral"/>
   <category label="@ui_CGOpticalTracking"/>
   <category label="@ui_CGInteraction"/>
   <category label="@ui_CCCamera"/>
  </categories>
 </CustomisationUIHeader>
 <deviceoptions name="Mouse">
  <option input="@pause_OptionsMouseSmoothing" saturation="0"/>
  <option input="@pause_OptionsMouseSmoothing" saturation="0"/>
  <option input="@pause_OptionsMouseAcceleration" acceleration="0"/>
 </deviceoptions>
 <deviceoptions name="vJoy Device  {BEAD1234-0000-0000-0000-504944564944}">
  <option input="x" deadzone="0.049499996"/>
  <option input="y" deadzone="0.049499996"/>
 </deviceoptions>
 <options type="keyboard" instance="1" Product="Keyboard  {6F1D2B61-D5A0-11CF-BFC7-444553540000}"/>
 <options type="joystick" instance="1" Product="vJoy Device  {BEAD1234-0000-0000-0000-504944564944}">
  <flight_strafe_longitudinal invert="1"/>
 </options>
 <options type="joystick" instance="2" Product="vJoy Device  {BEAD1234-0000-0000-0000-504944564944}"/>
 <modifiers />
 <actionmap name="seat_general">
  <action name="v_enter_remote_turret_1">
   <rebind input="kb1_up"/>
  </action>
  <action name="v_enter_remote_turret_2">
   <rebind input="kb1_right"/>
  </action>
  <action name="v_enter_remote_turret_3">
   <rebind input="kb1_left"/>
  </action>
  <action name="v_operator_mode_cycle_back">
   <rebind input="js2_ "/>
  </action>
  <action name="v_operator_mode_cycle_forward">
   <rebind input="js2_ "/>
  </action>
  <action name="v_toggle_quantum_mode">
   <rebind input="js2_ "/>
  </action>
  <action name="v_toggle_scan_mode">
   <rebind input="js2_ "/>
  </action>
  <action name="v_view_look_behind">
   <rebind input="js2_ "/>
  </action>
 </actionmap>
 <actionmap name="spaceship_general">
  <action name="v_close_all_doors">
   <rebind input="js2_ "/>
  </action>
  <action name="v_flightready">
   <rebind input="js2_ "/>
  </action>
  <action name="v_lock_all_doors">
   <rebind input="js2_ "/>
  </action>
  <action name="v_open_all_doors">
   <rebind input="js2_ "/>
  </action>
  <action name="v_unlock_all_doors">
   <rebind input="js2_ "/>
  </action>
 </actionmap>
 <actionmap name="spaceship_view">
  <action name="v_view_cycle_fwd">
   <rebind input="js2_ "/>
  </action>
  <action name="v_view_freelook_mode">
   <rebind input="js2_ "/>
  </action>
  <action name="v_view_pitch">
   <rebind input="js1_ "/>
  </action>
  <action name="v_view_yaw">
   <rebind input="js1_ "/>
  </action>
 </actionmap>
 <actionmap name="spaceship_movement">
  <action name="v_accel_range_down">
   <rebind input="js2_ "/>
  </action>
  <action name="v_accel_range_up">
   <rebind input="js2_ "/>
  </action>
  <action name="v_afterburner">
   <rebind input="js2_ "/>
  </action>
  <action name="v_autoland">
   <rebind input="js2_ "/>
  </action>
  <action name="v_ifcs_toggle_vector_decoupling">
   <rebind input="js2_ "/>
  </action>
  <action name="v_master_mode_cycle">
   <rebind input="js2_ "/>
  </action>
  <action name="v_pitch">
   <rebind input="js1_ "/>
  </action>
  <action name="v_roll">
   <rebind input="js1_ "/>
  </action>
  <action name="v_space_brake">
   <rebind input="js2_ "/>
  </action>
  <action name="v_strafe_down">
   <rebind input="js2_ "/>
  </action>
  <action name="v_strafe_lateral">
   <rebind input="js2_ "/>
  </action>
  <action name="v_strafe_left">
   <rebind input="js2_ "/>
  </action>
  <action name="v_strafe_right">
   <rebind input="js2_ "/>
  </action>
  <action name="v_strafe_up">
   <rebind input="js2_ "/>
  </action>
  <action name="v_strafe_vertical">
   <rebind input="js2_ "/>
  </action>
  <action name="v_toggle_jump_request">
   <rebind input="js2_ "/>
  </action>
  <action name="v_toggle_landing_system">
   <rebind input="js2_ "/>
  </action>
  <action name="v_toggle_vtol">
   <rebind input="js2_ "/>
  </action>
  <action name="v_transform_cycle">
   <rebind input="js2_ "/>
  </action>
  <action name="v_yaw">
   <rebind input="js1_ "/>
  </action>
 </actionmap>
 <actionmap name="spaceship_quantum">
  <action name="v_toggle_qdrive_engagement">
   <rebind input="js2_ "/>
  </action>
 </actionmap>
 <actionmap name="spaceship_docking">
  <action name="v_invoke_docking">
   <rebind input="js2_ "/>
  </action>
  <action name="v_toggle_docking_mode">
   <rebind input="js2_ "/>
  </action>
 </actionmap>
 <actionmap name="spaceship_radar">
  <action name="v_invoke_ping">
   <rebind input="js2_ "/>
  </action>
 </actionmap>
 <actionmap name="spaceship_scanning">
  <action name="v_dec_scan_focus_level">
   <rebind input="js2_ "/>
  </action>
  <action name="v_inc_scan_focus_level">
   <rebind input="js2_ "/>
  </action>
  <action name="v_scanning_trigger_scan">
   <rebind input="js2_ "/>
  </action>
 </actionmap>
 <actionmap name="spaceship_mining">
  <action name="v_decrease_mining_throttle">
   <rebind input="js1_ "/>
  </action>
  <action name="v_increase_mining_throttle">
   <rebind input="js1_ "/>
  </action>
  <action name="v_mining_throttle">
   <rebind input="js2_ "/>
  </action>
  <action name="v_toggle_mining_laser_fire">
   <rebind input="js1_ "/>
  </action>
  <action name="v_toggle_mining_laser_type">
   <rebind input="js1_ "/>
  </action>
 </actionmap>
 <actionmap name="spaceship_salvage">
  <action name="v_salvage_cycle_modifiers_focused">
   <rebind input="js2_ "/>
  </action>
  <action name="v_salvage_focus_left">
   <rebind input="js2_ "/>
  </action>
  <action name="v_salvage_focus_right">
   <rebind input="js2_ "/>
  </action>
  <action name="v_salvage_nudge_down__left">
   <rebind input="js2_ "/>
  </action>
  <action name="v_salvage_nudge_down__right">
   <rebind input="js2_ "/>
  </action>
  <action name="v_salvage_nudge_left__left">
   <rebind input="js2_ "/>
  </action>
  <action name="v_salvage_nudge_left__right">
   <rebind input="js2_ "/>
  </action>
  <action name="v_salvage_nudge_right__left">
   <rebind input="js2_ "/>
  </action>
  <action name="v_salvage_nudge_right__right">
   <rebind input="js2_ "/>
  </action>
  <action name="v_salvage_nudge_up__left">
   <rebind input="js2_ "/>
  </action>
  <action name="v_salvage_nudge_up__right">
   <rebind input="js2_ "/>
  </action>
  <action name="v_salvage_reset_gimbal">
   <rebind input="js2_ "/>
  </action>
  <action name="v_salvage_toggle_fire_focused">
   <rebind input="js1_ "/>
  </action>
  <action name="v_salvage_toggle_gimbal_mode">
   <rebind input="js2_ "/>
  </action>
 </actionmap>
 <actionmap name="turret_movement">
  <action name="turret_gyromode">
   <rebind input="js2_ "/>
  </action>
  <action name="turret_pitch">
   <rebind input="js1_ "/>
  </action>
  <action name="turret_toggle_mouse_mode">
   <rebind input="js2_ "/>
  </action>
  <action name="turret_yaw">
   <rebind input="js1_ "/>
  </action>
 </actionmap>
 <actionmap name="turret_advanced">
  <action name="turret_change_firemode">
   <rebind input="js2_ "/>
  </action>
  <action name="turret_esp_hold">
   <rebind input="js2_ "/>
  </action>
  <action name="turret_esp_toggle">
   <rebind input="js2_ "/>
  </action>
  <action name="turret_limiter_rel_decrease">
   <rebind input="js2_ "/>
  </action>
  <action name="turret_limiter_rel_increase">
   <rebind input="js2_ "/>
  </action>
  <action name="turret_limiter_toggle">
   <rebind input="js2_ "/>
  </action>
  <action name="turret_recenter">
   <rebind input="js2_ "/>
  </action>
 </actionmap>
 <actionmap name="spaceship_weapons">
  <action name="v_weapon_change_firemode">
   <rebind input="js2_ "/>
  </action>
  <action name="v_weapon_convergence_distance_abs">
   <rebind input="js2_ "/>
  </action>
  <action name="v_weapon_convergence_distance_rel">
   <rebind input="js2_ "/>
  </action>
  <action name="v_weapon_convergence_distance_rel_decrease">
   <rebind input="js2_ "/>
  </action>
  <action name="v_weapon_convergence_distance_rel_increase">
   <rebind input="js2_ "/>
  </action>
  <action name="v_weapon_convergence_distance_set_default">
   <rebind input="js2_ "/>
  </action>
  <action name="v_weapon_gimbal_mode_cycle_all">
   <rebind input="js2_ "/>
  </action>
  <action name="v_weapon_pip_combination_type_set_combined_weapon_group">
   <rebind input="js2_ "/>
  </action>
  <action name="v_weapon_pip_combination_type_set_single">
   <rebind input="js2_ "/>
  </action>
  <action name="v_weapon_pip_combination_type_toggle">
   <rebind input="js2_ "/>
  </action>
  <action name="v_weapon_pip_set_lag">
   <rebind input="js2_ "/>
  </action>
  <action name="v_weapon_pip_set_lead">
   <rebind input="js2_ "/>
  </action>
  <action name="v_weapon_pip_toggle_lead_lag">
   <rebind input="js2_ "/>
  </action>
  <action name="v_weapon_preset_attack">
   <rebind input="js1_ "/>
  </action>
  <action name="v_weapon_preset_next">
   <rebind input="js1_ "/>
  </action>
  <action name="v_weapon_preset_prev">
   <rebind input="js1_ "/>
  </action>
  <action name="v_weapon_suppress_aim_assists_hold">
   <rebind input="js2_ "/>
  </action>
 </actionmap>
 <actionmap name="spaceship_missiles">
  <action name="v_weapon_cycle_missile_fwd">
   <rebind input="js1_ "/>
  </action>
  <action name="v_weapon_toggle_launch_missile">
   <rebind input="js1_ "/>
  </action>
 </actionmap>
 <actionmap name="spaceship_defensive">
  <action name="v_weapon_countermeasure_decoy_launch">
   <rebind input="js1_ "/>
  </action>
  <action name="v_weapon_countermeasure_noise_launch">
   <rebind input="js1_ "/>
  </action>
 </actionmap>
 <actionmap name="spaceship_power">
  <action name="v_power_set_off">
   <rebind input="js2_ "/>
  </action>
  <action name="v_power_set_on">
   <rebind input="js2_ "/>
  </action>
  <action name="v_power_throttle_max">
   <rebind input="js1_ " activationMode="press"/>
  </action>
  <action name="v_power_throttle_min">
   <rebind input="js1_ " activationMode="press"/>
  </action>
  <action name="v_power_toggle">
   <rebind input="js2_ "/>
  </action>
  <action name="v_power_toggle_shields">
   <rebind input="js2_ "/>
  </action>
  <action name="v_power_toggle_thrusters">
   <rebind input="js2_ "/>
  </action>
  <action name="v_power_toggle_weapons">
   <rebind input="js2_ "/>
  </action>
 </actionmap>
 <actionmap name="lights_controller">
  <action name="v_toggle_cabin_lights">
   <rebind input="js2_ "/>
  </action>
  <action name="v_toggle_running_lights">
   <rebind input="js2_ "/>
  </action>
 </actionmap>
 <actionmap name="player">
  <action name="ammoRepool">
   <rebind input="js2_ "/>
  </action>
  <action name="pc_conversation_option_down">
   <rebind input="js2_ "/>
  </action>
  <action name="pc_conversation_option_select">
   <rebind input="js2_ "/>
  </action>
  <action name="pc_conversation_option_up">
   <rebind input="js2_ "/>
  </action>
  <action name="restrain">
   <rebind input="js2_ "/>
  </action>
  <action name="ship_recall">
   <rebind input="js2_ "/>
  </action>
  <action name="takedown_lethal">
   <rebind input="js2_ "/>
  </action>
  <action name="takedown_nonLethal">
   <rebind input="js2_ "/>
  </action>
  <action name="toggleAttachHelmet">
   <rebind input="kb1_h"/>
  </action>
  <action name="toggleHelmetState">
   <rebind input="js2_ "/>
  </action>
 </actionmap>
 <actionmap name="tractor_beam">
  <action name="tractor_beam_decrease_distance">
   <rebind input="js1_ "/>
  </action>
  <action name="tractor_beam_increase_distance">
   <rebind input="js1_ "/>
  </action>
 </actionmap>
 <actionmap name="zero_gravity_eva">
  <action name="eva_roll">
   <rebind input="js2_ "/>
  </action>
  <action name="eva_roll_left">
   <rebind input="js2_ "/>
  </action>
  <action name="eva_roll_right">
   <rebind input="js2_ "/>
  </action>
  <action name="eva_strafe_back">
   <rebind input="js2_ "/>
  </action>
  <action name="eva_strafe_down">
   <rebind input="js2_ "/>
  </action>
  <action name="eva_strafe_forward">
   <rebind input="js2_ "/>
  </action>
  <action name="eva_strafe_left">
   <rebind input="js2_ "/>
  </action>
  <action name="eva_strafe_right">
   <rebind input="js2_ "/>
  </action>
  <action name="eva_strafe_up">
   <rebind input="js2_ "/>
  </action>
  <action name="eva_view_pitch">
   <rebind input="js2_ "/>
  </action>
  <action name="eva_view_pitch_down">
   <rebind input="js2_ "/>
  </action>
  <action name="eva_view_pitch_up">
   <rebind input="js2_ "/>
  </action>
  <action name="eva_view_yaw">
   <rebind input="js2_ "/>
  </action>
  <action name="eva_view_yaw_left">
   <rebind input="js2_ "/>
  </action>
  <action name="eva_view_yaw_right">
   <rebind input="js2_ "/>
  </action>
 </actionmap>
 <actionmap name="zero_gravity_traversal">
  <action name="zgt_detach">
   <rebind input="js2_ "/>
  </action>
  <action name="zgt_launch">
   <rebind input="js2_ "/>
  </action>
  <action name="zgt_roll_left">
   <rebind input="js2_ "/>
  </action>
  <action name="zgt_roll_right">
   <rebind input="js2_ "/>
  </action>
 </actionmap>
 <actionmap name="vehicle_general">
  <action name="v_close_all_doors">
   <rebind input="js2_ "/>
  </action>
  <action name="v_flightready">
   <rebind input="js2_ "/>
  </action>
  <action name="v_horn">
   <rebind input="js2_ "/>
  </action>
  <action name="v_lock_all_doors">
   <rebind input="js2_ "/>
  </action>
  <action name="v_lock_all_ports">
   <rebind input="js2_ "/>
  </action>
  <action name="v_open_all_doors">
   <rebind input="js2_ "/>
  </action>
  <action name="v_unlock_all_doors">
   <rebind input="js2_ "/>
  </action>
  <action name="v_unlock_all_ports">
   <rebind input="js2_ "/>
  </action>
  <action name="v_view_cycle_fwd">
   <rebind input="js2_ "/>
  </action>
  <action name="v_view_freelook_mode">
   <rebind input="js2_ "/>
  </action>
  <action name="v_view_pitch">
   <rebind input="js1_ "/>
  </action>
  <action name="v_view_yaw">
   <rebind input="js1_ "/>
  </action>
 </actionmap>
 <actionmap name="vehicle_driver">
  <action name="v_boost">
   <rebind input="js2_ "/>
  </action>
  <action name="v_brake">
   <rebind input="js2_ "/>
  </action>
  <action name="v_mgv_switch_brake_on_idle">
   <rebind input="js2_ "/>
  </action>
  <action name="v_move">
   <rebind input="js2_ "/>
  </action>
  <action name="v_pitch">
   <rebind input="js1_ "/>
  </action>
  <action name="v_yaw">
   <rebind input="js1_ "/>
  </action>
 </actionmap>
 <actionmap name="spectator">
  <action name="spectate_free_look">
   <rebind input="js2_ "/>
  </action>
  <action name="spectate_next_target">
   <rebind input="js1_ "/>
  </action>
  <action name="spectate_prev_target">
   <rebind input="js1_ "/>
  </action>
  <action name="spectate_rotatepitch">
   <rebind input="js1_ "/>
  </action>
  <action name="spectate_rotatepitch_mouse">
   <rebind input="js1_ "/>
  </action>
  <action name="spectate_rotateyaw">
   <rebind input="js1_ "/>
  </action>
  <action name="spectate_rotateyaw_mouse">
   <rebind input="js1_ "/>
  </action>
  <action name="spectate_speed_decrement">
   <rebind input="js2_ "/>
  </action>
  <action name="spectate_speed_increment">
   <rebind input="js2_ "/>
  </action>
  <action name="spectate_toggle_thirdperson">
   <rebind input="js2_ "/>
  </action>
  <action name="spectate_zoom_in">
   <rebind input="js1_ "/>
  </action>
  <action name="spectate_zoom_out">
   <rebind input="js1_ "/>
  </action>
 </actionmap>
 <actionmap name="default">
  <action name="respawn">
   <rebind input="js1_ "/>
  </action>
 </actionmap>
 <actionmap name="player_input_optical_tracking">
  <action name="headtrack_enabled">
   <rebind input="js2_ "/>
  </action>
  <action name="headtrack_recenter_device">
   <rebind input="js2_ "/>
  </action>
 </actionmap>
 <actionmap name="player_choice">
  <action name="pc_focus">
   <rebind input="js1_ "/>
  </action>
  <action name="pc_interaction_mode">
   <rebind input="js2_ "/>
  </action>
  <action name="pc_interaction_select">
   <rebind input="js2_ "/>
  </action>
  <action name="pc_qs_consumables">
   <rebind input="js2_ "/>
  </action>
  <action name="pc_qs_grenades">
   <rebind input="js2_ "/>
  </action>
  <action name="pc_select">
   <rebind input="js1_ "/>
  </action>
 </actionmap>
 <actionmap name="view_director_mode">
  <action name="view_restore_defaults">
   <rebind input="js2_ "/>
  </action>
 </actionmap>
</ActionMaps>
