﻿<?xml version="1.0" ?>
<profile version="9">
    <devices>
        <device device-guid="{6F1D2B61-D5A0-11CF-BFC7-444553540000}" label="" name="keyboard" type="keyboard">
            <mode inherit="SCM Mode" name="Auxiliary Mode"/>
            <mode inherit="SCM Mode" name="Modifier"/>
            <mode inherit="SCM Mode" name="Nav Mode"/>
            <mode name="SCM Mode"/>
        </device>
        <device device-guid="{7D12D5C0-43EA-11F0-800A-444553540000}" label="" name=" VKBsim Gladiator EVO OT L  " type="joystick">
            <mode name="Auxiliary Mode">
                <axis description="" id="1"/>
                <axis description="" id="2"/>
                <axis description="" id="3"/>
                <axis description="" id="4"/>
                <axis description="" id="5"/>
                <axis description="" id="6"/>
                <axis description="" id="7"/>
                <axis description="" id="8"/>
                <button description="" id="1"/>
                <button description="" id="2"/>
                <button description="" id="3">
                    <container activate-on="press" delay="0.5" type="tempo">
                        <action-set>
                            <remap button="3" vjoy="1"/>
                        </action-set>
                        <action-set>
                            <cycle-modes>
                                <mode name="SCM Mode"/>
                            </cycle-modes>
                            <remap button="125" vjoy="1"/>
                            <remap button="128" vjoy="1"/>
                        </action-set>
                    </container>
                </button>
                <button description="" id="4"/>
                <button description="" id="5"/>
                <button description="" id="6"/>
                <button description="" id="7"/>
                <button description="" id="8"/>
                <button description="" id="9"/>
                <button description="" id="10"/>
                <button description="" id="11"/>
                <button description="" id="12"/>
                <button description="" id="13"/>
                <button description="" id="14"/>
                <button description="" id="15"/>
                <button description="" id="16"/>
                <button description="" id="17"/>
                <button description="" id="18"/>
                <button description="" id="19"/>
                <button description="" id="20"/>
                <button description="" id="21"/>
                <button description="" id="22"/>
                <button description="" id="23"/>
                <button description="" id="24"/>
                <button description="" id="25"/>
                <button description="" id="26"/>
                <button description="" id="27"/>
                <button description="" id="28"/>
                <button description="" id="29"/>
                <button description="" id="30"/>
                <button description="" id="31"/>
                <button description="" id="32"/>
                <button description="" id="33"/>
                <button description="" id="34"/>
                <button description="" id="35"/>
                <button description="" id="36"/>
                <button description="" id="37"/>
                <button description="" id="38"/>
                <button description="" id="39"/>
                <button description="" id="40"/>
                <button description="" id="41"/>
                <button description="" id="42"/>
                <button description="" id="43"/>
                <button description="" id="44"/>
                <button description="" id="45"/>
                <button description="" id="46"/>
                <button description="" id="47"/>
                <button description="" id="48"/>
                <button description="" id="49"/>
                <button description="" id="50"/>
                <button description="" id="51"/>
                <button description="" id="52"/>
                <button description="" id="53"/>
                <button description="" id="54"/>
                <button description="" id="55"/>
                <button description="" id="56"/>
                <button description="" id="57"/>
                <button description="" id="58"/>
                <button description="" id="59"/>
                <button description="" id="60"/>
                <button description="" id="61"/>
                <button description="" id="62"/>
                <button description="" id="63"/>
                <button description="" id="64"/>
                <button description="" id="65"/>
                <button description="" id="66"/>
                <button description="" id="67"/>
                <button description="" id="68"/>
                <button description="" id="69"/>
                <button description="" id="70"/>
                <button description="" id="71"/>
                <button description="" id="72"/>
                <button description="" id="73"/>
                <button description="" id="74"/>
                <button description="" id="75"/>
                <button description="" id="76"/>
                <button description="" id="77"/>
                <button description="" id="78"/>
                <button description="" id="79"/>
                <button description="" id="80"/>
                <button description="" id="81"/>
                <button description="" id="82"/>
                <button description="" id="83"/>
                <button description="" id="84"/>
                <button description="" id="85"/>
                <button description="" id="86"/>
                <button description="" id="87"/>
                <button description="" id="88"/>
                <button description="" id="89"/>
                <button description="" id="90"/>
                <button description="" id="91"/>
                <button description="" id="92"/>
                <button description="" id="93"/>
                <button description="" id="94"/>
                <button description="" id="95"/>
                <button description="" id="96"/>
                <button description="" id="97"/>
                <button description="" id="98"/>
                <button description="" id="99"/>
                <button description="" id="100"/>
                <button description="" id="101"/>
                <button description="" id="102"/>
                <button description="" id="103"/>
                <button description="" id="104"/>
                <button description="" id="105"/>
                <button description="" id="106"/>
                <button description="" id="107"/>
                <button description="" id="108"/>
                <button description="" id="109"/>
                <button description="" id="110"/>
                <button description="" id="111"/>
                <button description="" id="112"/>
                <button description="" id="113"/>
                <button description="" id="114"/>
                <button description="" id="115"/>
                <button description="" id="116"/>
                <button description="" id="117"/>
                <button description="" id="118"/>
                <button description="" id="119"/>
                <button description="" id="120"/>
                <button description="" id="121"/>
                <button description="" id="122"/>
                <button description="" id="123"/>
                <button description="" id="124"/>
                <button description="" id="125"/>
                <button description="" id="126"/>
                <button description="" id="127"/>
                <button description="" id="128"/>
                <hat description="" id="1"/>
            </mode>
            <mode name="Modifier">
                <axis description="" id="1"/>
                <axis description="" id="2"/>
                <axis description="" id="3"/>
                <axis description="" id="4"/>
                <axis description="" id="5"/>
                <axis description="" id="6"/>
                <axis description="" id="7"/>
                <axis description="" id="8"/>
                <button description="" id="1">
                    <container type="basic">
                        <action-set>
                            <remap button="31" vjoy="1"/>
                        </action-set>
                    </container>
                </button>
                <button description="" id="2">
                    <container type="basic">
                        <action-set>
                            <remap button="32" vjoy="1"/>
                        </action-set>
                    </container>
                </button>
                <button description="" id="3">
                    <container type="basic">
                        <action-set>
                            <remap button="33" vjoy="1"/>
                        </action-set>
                    </container>
                </button>
                <button description="" id="4">
                    <container type="basic">
                        <action-set>
                            <remap button="34" vjoy="1"/>
                        </action-set>
                    </container>
                </button>
                <button description="" id="5">
                    <container type="basic">
                        <action-set>
                            <previous-mode/>
                        </action-set>
                    </container>
                </button>
                <button description="" id="6">
                    <container type="basic">
                        <action-set>
                            <remap button="41" vjoy="1"/>
                        </action-set>
                    </container>
                </button>
                <button description="" id="7">
                    <container type="basic">
                        <action-set>
                            <remap button="42" vjoy="1"/>
                        </action-set>
                    </container>
                </button>
                <button description="" id="8">
                    <container type="basic">
                        <action-set>
                            <remap button="43" vjoy="1"/>
                        </action-set>
                    </container>
                </button>
                <button description="" id="9">
                    <container type="basic">
                        <action-set>
                            <remap button="44" vjoy="1"/>
                        </action-set>
                    </container>
                </button>
                <button description="" id="10">
                    <container type="basic">
                        <action-set>
                            <remap button="45" vjoy="1"/>
                        </action-set>
                    </container>
                </button>
                <button description="" id="11">
                    <container type="basic">
                        <action-set>
                            <remap button="36" vjoy="1"/>
                        </action-set>
                    </container>
                </button>
                <button description="" id="12">
                    <container type="basic">
                        <action-set>
                            <remap button="37" vjoy="1"/>
                        </action-set>
                    </container>
                </button>
                <button description="" id="13">
                    <container type="basic">
                        <action-set>
                            <remap button="38" vjoy="1"/>
                        </action-set>
                    </container>
                </button>
                <button description="" id="14">
                    <container type="basic">
                        <action-set>
                            <remap button="39" vjoy="1"/>
                        </action-set>
                    </container>
                </button>
                <button description="" id="15">
                    <container type="basic">
                        <action-set>
                            <remap button="40" vjoy="1"/>
                        </action-set>
                    </container>
                </button>
                <button description="" id="16">
                    <container type="basic">
                        <action-set>
                            <remap button="51" vjoy="1"/>
                        </action-set>
                    </container>
                </button>
                <button description="" id="17">
                    <container type="basic">
                        <action-set>
                            <remap button="52" vjoy="1"/>
                        </action-set>
                    </container>
                </button>
                <button description="" id="18">
                    <container type="basic">
                        <action-set>
                            <remap button="53" vjoy="1"/>
                        </action-set>
                    </container>
                </button>
                <button description="" id="19">
                    <container type="basic">
                        <action-set>
                            <remap button="54" vjoy="1"/>
                        </action-set>
                    </container>
                </button>
                <button description="" id="20">
                    <container type="basic">
                        <action-set>
                            <remap button="55" vjoy="1"/>
                        </action-set>
                    </container>
                </button>
                <button description="" id="21">
                    <container type="basic">
                        <action-set>
                            <remap button="56" vjoy="1"/>
                        </action-set>
                    </container>
                </button>
                <button description="" id="22">
                    <container type="basic">
                        <action-set>
                            <remap button="57" vjoy="1"/>
                        </action-set>
                    </container>
                </button>
                <button description="" id="23">
                    <container type="basic">
                        <action-set>
                            <remap button="58" vjoy="1"/>
                        </action-set>
                    </container>
                </button>
                <button description="" id="24">
                    <container type="basic">
                        <action-set>
                            <remap button="59" vjoy="1"/>
                        </action-set>
                    </container>
                </button>
                <button description="" id="25">
                    <container type="basic">
                        <action-set>
                            <remap button="49" vjoy="1"/>
                        </action-set>
                    </container>
                </button>
                <button description="" id="26">
                    <container type="basic">
                        <action-set>
                            <remap button="50" vjoy="1"/>
                        </action-set>
                    </container>
                </button>
                <button description="" id="27">
                    <container type="basic">
                        <action-set>
                            <remap button="46" vjoy="1"/>
                        </action-set>
                    </container>
                </button>
                <button description="" id="28">
                    <container type="basic">
                        <action-set>
                            <remap button="47" vjoy="1"/>
                        </action-set>
                    </container>
                </button>
                <button description="" id="29">
                    <container type="basic">
                        <action-set>
                            <remap button="48" vjoy="1"/>
                        </action-set>
                    </container>
                </button>
                <button description="" id="30"/>
                <button description="" id="31"/>
                <button description="" id="32"/>
                <button description="" id="33"/>
                <button description="" id="34"/>
                <button description="" id="35"/>
                <button description="" id="36"/>
                <button description="" id="37"/>
                <button description="" id="38"/>
                <button description="" id="39"/>
                <button description="" id="40"/>
                <button description="" id="41"/>
                <button description="" id="42"/>
                <button description="" id="43"/>
                <button description="" id="44"/>
                <button description="" id="45"/>
                <button description="" id="46"/>
                <button description="" id="47"/>
                <button description="" id="48"/>
                <button description="" id="49"/>
                <button description="" id="50"/>
                <button description="" id="51"/>
                <button description="" id="52"/>
                <button description="" id="53"/>
                <button description="" id="54"/>
                <button description="" id="55"/>
                <button description="" id="56"/>
                <button description="" id="57"/>
                <button description="" id="58"/>
                <button description="" id="59"/>
                <button description="" id="60"/>
                <button description="" id="61"/>
                <button description="" id="62"/>
                <button description="" id="63"/>
                <button description="" id="64"/>
                <button description="" id="65"/>
                <button description="" id="66"/>
                <button description="" id="67"/>
                <button description="" id="68"/>
                <button description="" id="69"/>
                <button description="" id="70"/>
                <button description="" id="71"/>
                <button description="" id="72"/>
                <button description="" id="73"/>
                <button description="" id="74"/>
                <button description="" id="75"/>
                <button description="" id="76"/>
                <button description="" id="77"/>
                <button description="" id="78"/>
                <button description="" id="79"/>
                <button description="" id="80"/>
                <button description="" id="81"/>
                <button description="" id="82"/>
                <button description="" id="83"/>
                <button description="" id="84"/>
                <button description="" id="85"/>
                <button description="" id="86"/>
                <button description="" id="87"/>
                <button description="" id="88"/>
                <button description="" id="89"/>
                <button description="" id="90"/>
                <button description="" id="91"/>
                <button description="" id="92"/>
                <button description="" id="93"/>
                <button description="" id="94"/>
                <button description="" id="95"/>
                <button description="" id="96"/>
                <button description="" id="97"/>
                <button description="" id="98"/>
                <button description="" id="99"/>
                <button description="" id="100"/>
                <button description="" id="101"/>
                <button description="" id="102"/>
                <button description="" id="103"/>
                <button description="" id="104"/>
                <button description="" id="105"/>
                <button description="" id="106"/>
                <button description="" id="107"/>
                <button description="" id="108"/>
                <button description="" id="109"/>
                <button description="" id="110"/>
                <button description="" id="111"/>
                <button description="" id="112"/>
                <button description="" id="113"/>
                <button description="" id="114"/>
                <button description="" id="115"/>
                <button description="" id="116"/>
                <button description="" id="117"/>
                <button description="" id="118"/>
                <button description="" id="119"/>
                <button description="" id="120"/>
                <button description="" id="121"/>
                <button description="" id="122"/>
                <button description="" id="123"/>
                <button description="" id="124"/>
                <button description="" id="125"/>
                <button description="" id="126"/>
                <button description="" id="127"/>
                <button description="" id="128"/>
                <hat description="" id="1">
                    <container type="basic">
                        <action-set>
                            <remap hat="2" vjoy="1"/>
                        </action-set>
                    </container>
                </hat>
            </mode>
            <mode name="Nav Mode">
                <axis description="" id="1"/>
                <axis description="" id="2"/>
                <axis description="" id="3"/>
                <axis description="" id="4"/>
                <axis description="" id="5"/>
                <axis description="" id="6"/>
                <axis description="" id="7"/>
                <axis description="" id="8"/>
                <button description="" id="1"/>
                <button description="" id="2"/>
                <button description="" id="3">
                    <container activate-on="press" delay="0.5" type="tempo">
                        <action-set>
                            <remap button="3" vjoy="1"/>
                        </action-set>
                        <action-set>
                            <cycle-modes>
                                <mode name="SCM Mode"/>
                            </cycle-modes>
                            <remap button="128" vjoy="1"/>
                        </action-set>
                    </container>
                </button>
                <button description="" id="4"/>
                <button description="" id="5">
                    <container type="basic">
                        <action-set>
                            <temporary-mode-switch name="Modifier">
                                <activation-condition rule="all"/>
                            </temporary-mode-switch>
                        </action-set>
                    </container>
                </button>
                <button description="" id="6"/>
                <button description="" id="7"/>
                <button description="" id="8"/>
                <button description="" id="9"/>
                <button description="" id="10"/>
                <button description="" id="11"/>
                <button description="" id="12"/>
                <button description="" id="13"/>
                <button description="" id="14"/>
                <button description="" id="15"/>
                <button description="" id="16"/>
                <button description="" id="17"/>
                <button description="" id="18"/>
                <button description="" id="19"/>
                <button description="" id="20"/>
                <button description="" id="21"/>
                <button description="" id="22"/>
                <button description="" id="23"/>
                <button description="" id="24"/>
                <button description="" id="25"/>
                <button description="" id="26"/>
                <button description="" id="27"/>
                <button description="" id="28"/>
                <button description="" id="29"/>
                <button description="" id="30"/>
                <button description="" id="31"/>
                <button description="" id="32"/>
                <button description="" id="33"/>
                <button description="" id="34"/>
                <button description="" id="35"/>
                <button description="" id="36"/>
                <button description="" id="37"/>
                <button description="" id="38"/>
                <button description="" id="39"/>
                <button description="" id="40"/>
                <button description="" id="41"/>
                <button description="" id="42"/>
                <button description="" id="43"/>
                <button description="" id="44"/>
                <button description="" id="45"/>
                <button description="" id="46"/>
                <button description="" id="47"/>
                <button description="" id="48"/>
                <button description="" id="49"/>
                <button description="" id="50"/>
                <button description="" id="51"/>
                <button description="" id="52"/>
                <button description="" id="53"/>
                <button description="" id="54"/>
                <button description="" id="55"/>
                <button description="" id="56"/>
                <button description="" id="57"/>
                <button description="" id="58"/>
                <button description="" id="59"/>
                <button description="" id="60"/>
                <button description="" id="61"/>
                <button description="" id="62"/>
                <button description="" id="63"/>
                <button description="" id="64"/>
                <button description="" id="65"/>
                <button description="" id="66"/>
                <button description="" id="67"/>
                <button description="" id="68"/>
                <button description="" id="69"/>
                <button description="" id="70"/>
                <button description="" id="71"/>
                <button description="" id="72"/>
                <button description="" id="73"/>
                <button description="" id="74"/>
                <button description="" id="75"/>
                <button description="" id="76"/>
                <button description="" id="77"/>
                <button description="" id="78"/>
                <button description="" id="79"/>
                <button description="" id="80"/>
                <button description="" id="81"/>
                <button description="" id="82"/>
                <button description="" id="83"/>
                <button description="" id="84"/>
                <button description="" id="85"/>
                <button description="" id="86"/>
                <button description="" id="87"/>
                <button description="" id="88"/>
                <button description="" id="89"/>
                <button description="" id="90"/>
                <button description="" id="91"/>
                <button description="" id="92"/>
                <button description="" id="93"/>
                <button description="" id="94"/>
                <button description="" id="95"/>
                <button description="" id="96"/>
                <button description="" id="97"/>
                <button description="" id="98"/>
                <button description="" id="99"/>
                <button description="" id="100"/>
                <button description="" id="101"/>
                <button description="" id="102"/>
                <button description="" id="103"/>
                <button description="" id="104"/>
                <button description="" id="105"/>
                <button description="" id="106"/>
                <button description="" id="107"/>
                <button description="" id="108"/>
                <button description="" id="109"/>
                <button description="" id="110"/>
                <button description="" id="111"/>
                <button description="" id="112"/>
                <button description="" id="113"/>
                <button description="" id="114"/>
                <button description="" id="115"/>
                <button description="" id="116"/>
                <button description="" id="117"/>
                <button description="" id="118"/>
                <button description="" id="119"/>
                <button description="" id="120"/>
                <button description="" id="121"/>
                <button description="" id="122"/>
                <button description="" id="123"/>
                <button description="" id="124"/>
                <button description="" id="125"/>
                <button description="" id="126"/>
                <button description="" id="127"/>
                <button description="" id="128"/>
                <hat description="" id="1"/>
            </mode>
            <mode name="SCM Mode">
                <axis description="" id="1">
                    <container type="basic">
                        <action-set>
                            <remap axis="1" axis-scaling="1.0" axis-type="absolute" vjoy="1"/>
                        </action-set>
                    </container>
                </axis>
                <axis description="" id="2">
                    <container type="basic">
                        <action-set>
                            <remap axis="2" axis-scaling="1.0" axis-type="absolute" vjoy="1"/>
                        </action-set>
                    </container>
                </axis>
                <axis description="" id="3">
                    <container type="basic">
                        <action-set>
                            <remap axis="6" axis-scaling="1.0" axis-type="absolute" vjoy="1"/>
                        </action-set>
                    </container>
                </axis>
                <axis description="" id="4">
                    <container type="basic">
                        <action-set>
                            <remap axis="4" axis-scaling="1.0" axis-type="absolute" vjoy="1"/>
                        </action-set>
                    </container>
                </axis>
                <axis description="" id="5">
                    <container type="basic">
                        <action-set>
                            <remap axis="5" axis-scaling="1.0" axis-type="absolute" vjoy="1"/>
                        </action-set>
                    </container>
                </axis>
                <axis description="" id="6">
                    <container type="basic">
                        <action-set>
                            <remap axis="3" axis-scaling="1.0" axis-type="absolute" vjoy="1"/>
                        </action-set>
                    </container>
                </axis>
                <axis description="" id="7"/>
                <axis description="" id="8"/>
                <button description="" id="1">
                    <container type="basic">
                        <action-set>
                            <remap button="1" vjoy="1"/>
                        </action-set>
                    </container>
                </button>
                <button description="" id="2">
                    <container type="basic">
                        <action-set>
                            <remap button="2" vjoy="1"/>
                        </action-set>
                    </container>
                </button>
                <button description="" id="3">
                    <container activate-on="press" delay="0.5" type="tempo">
                        <action-set>
                            <remap button="3" vjoy="1"/>
                        </action-set>
                        <action-set>
                            <cycle-modes>
                                <mode name="Nav Mode"/>
                            </cycle-modes>
                            <remap button="127" vjoy="1"/>
                        </action-set>
                    </container>
                </button>
                <button description="" id="4">
                    <container type="basic">
                        <action-set>
                            <remap button="4" vjoy="1"/>
                        </action-set>
                    </container>
                </button>
                <button description="" id="5">
                    <container type="basic">
                        <action-set>
                            <temporary-mode-switch name="Modifier"/>
                        </action-set>
                    </container>
                </button>
                <button description="" id="6">
                    <container type="basic">
                        <action-set>
                            <remap button="11" vjoy="1"/>
                        </action-set>
                    </container>
                </button>
                <button description="" id="7">
                    <container type="basic">
                        <action-set>
                            <remap button="12" vjoy="1"/>
                        </action-set>
                    </container>
                </button>
                <button description="" id="8">
                    <container type="basic">
                        <action-set>
                            <remap button="13" vjoy="1"/>
                        </action-set>
                    </container>
                </button>
                <button description="" id="9">
                    <container type="basic">
                        <action-set>
                            <remap button="14" vjoy="1"/>
                        </action-set>
                    </container>
                </button>
                <button description="" id="10">
                    <container type="basic">
                        <action-set>
                            <remap button="15" vjoy="1"/>
                        </action-set>
                    </container>
                </button>
                <button description="" id="11">
                    <container type="basic">
                        <action-set>
                            <remap button="6" vjoy="1"/>
                        </action-set>
                    </container>
                </button>
                <button description="" id="12">
                    <container type="basic">
                        <action-set>
                            <remap button="7" vjoy="1"/>
                        </action-set>
                    </container>
                </button>
                <button description="" id="13">
                    <container type="basic">
                        <action-set>
                            <remap button="8" vjoy="1"/>
                        </action-set>
                    </container>
                </button>
                <button description="" id="14">
                    <container type="basic">
                        <action-set>
                            <remap button="9" vjoy="1"/>
                        </action-set>
                    </container>
                </button>
                <button description="" id="15">
                    <container activate-on="release" delay="0.5000000000000001" type="tempo">
                        <action-set>
                            <remap button="10" vjoy="1"/>
                        </action-set>
                        <action-set>
                            <macro>
                                <properties/>
                                <actions>
                                    <key extended="False" press="True" scan-code="62"/>
                                    <vjoy input-id="10" input-type="button" value="True" vjoy-id="1"/>
                                    <pause duration="0.5"/>
                                    <vjoy input-id="10" input-type="button" value="False" vjoy-id="1"/>
                                    <key extended="False" press="False" scan-code="62"/>
                                </actions>
                            </macro>
                        </action-set>
                    </container>
                </button>
                <button description="" id="16">
                    <container type="basic">
                        <action-set>
                            <remap button="21" vjoy="1"/>
                        </action-set>
                    </container>
                </button>
                <button description="" id="17">
                    <container type="basic">
                        <action-set>
                            <remap button="22" vjoy="1"/>
                        </action-set>
                    </container>
                </button>
                <button description="" id="18">
                    <container type="basic">
                        <action-set>
                            <remap button="23" vjoy="1"/>
                        </action-set>
                    </container>
                </button>
                <button description="" id="19">
                    <container type="basic">
                        <action-set>
                            <remap button="24" vjoy="1"/>
                        </action-set>
                    </container>
                </button>
                <button description="" id="20">
                    <container type="basic">
                        <action-set>
                            <remap button="25" vjoy="1"/>
                        </action-set>
                    </container>
                </button>
                <button description="" id="21">
                    <container type="basic">
                        <action-set>
                            <remap button="26" vjoy="1"/>
                        </action-set>
                    </container>
                </button>
                <button description="" id="22">
                    <container type="basic">
                        <action-set>
                            <remap button="27" vjoy="1"/>
                        </action-set>
                    </container>
                </button>
                <button description="" id="23">
                    <container type="basic">
                        <action-set>
                            <remap button="28" vjoy="1"/>
                        </action-set>
                    </container>
                </button>
                <button description="" id="24">
                    <container type="basic">
                        <action-set>
                            <remap button="29" vjoy="1"/>
                        </action-set>
                    </container>
                </button>
                <button description="" id="25">
                    <container type="basic">
                        <action-set>
                            <remap button="19" vjoy="1"/>
                        </action-set>
                    </container>
                </button>
                <button description="" id="26">
                    <container type="basic">
                        <action-set>
                            <remap button="20" vjoy="1"/>
                        </action-set>
                    </container>
                </button>
                <button description="" id="27">
                    <container type="basic">
                        <action-set>
                            <remap button="16" vjoy="1"/>
                        </action-set>
                    </container>
                </button>
                <button description="" id="28">
                    <container type="basic">
                        <action-set>
                            <remap button="17" vjoy="1"/>
                        </action-set>
                    </container>
                </button>
                <button description="" id="29">
                    <container type="basic">
                        <action-set>
                            <remap button="18" vjoy="1"/>
                        </action-set>
                    </container>
                </button>
                <button description="" id="30"/>
                <button description="" id="31"/>
                <button description="" id="32"/>
                <button description="" id="33"/>
                <button description="" id="34"/>
                <button description="" id="35"/>
                <button description="" id="36"/>
                <button description="" id="37"/>
                <button description="" id="38"/>
                <button description="" id="39"/>
                <button description="" id="40"/>
                <button description="" id="41"/>
                <button description="" id="42"/>
                <button description="" id="43"/>
                <button description="" id="44"/>
                <button description="" id="45"/>
                <button description="" id="46"/>
                <button description="" id="47"/>
                <button description="" id="48"/>
                <button description="" id="49"/>
                <button description="" id="50"/>
                <button description="" id="51"/>
                <button description="" id="52"/>
                <button description="" id="53"/>
                <button description="" id="54"/>
                <button description="" id="55"/>
                <button description="" id="56"/>
                <button description="" id="57"/>
                <button description="" id="58"/>
                <button description="" id="59"/>
                <button description="" id="60"/>
                <button description="" id="61"/>
                <button description="" id="62"/>
                <button description="" id="63"/>
                <button description="" id="64"/>
                <button description="" id="65"/>
                <button description="" id="66"/>
                <button description="" id="67"/>
                <button description="" id="68"/>
                <button description="" id="69"/>
                <button description="" id="70"/>
                <button description="" id="71"/>
                <button description="" id="72"/>
                <button description="" id="73"/>
                <button description="" id="74"/>
                <button description="" id="75"/>
                <button description="" id="76"/>
                <button description="" id="77"/>
                <button description="" id="78"/>
                <button description="" id="79"/>
                <button description="" id="80"/>
                <button description="" id="81"/>
                <button description="" id="82"/>
                <button description="" id="83"/>
                <button description="" id="84"/>
                <button description="" id="85"/>
                <button description="" id="86"/>
                <button description="" id="87"/>
                <button description="" id="88"/>
                <button description="" id="89"/>
                <button description="" id="90"/>
                <button description="" id="91"/>
                <button description="" id="92"/>
                <button description="" id="93"/>
                <button description="" id="94"/>
                <button description="" id="95"/>
                <button description="" id="96"/>
                <button description="" id="97"/>
                <button description="" id="98"/>
                <button description="" id="99"/>
                <button description="" id="100"/>
                <button description="" id="101"/>
                <button description="" id="102"/>
                <button description="" id="103"/>
                <button description="" id="104"/>
                <button description="" id="105"/>
                <button description="" id="106"/>
                <button description="" id="107"/>
                <button description="" id="108"/>
                <button description="" id="109"/>
                <button description="" id="110"/>
                <button description="" id="111"/>
                <button description="" id="112"/>
                <button description="" id="113"/>
                <button description="" id="114"/>
                <button description="" id="115"/>
                <button description="" id="116"/>
                <button description="" id="117"/>
                <button description="" id="118"/>
                <button description="" id="119"/>
                <button description="" id="120"/>
                <button description="" id="121"/>
                <button description="" id="122"/>
                <button description="" id="123"/>
                <button description="" id="124"/>
                <button description="" id="125">
                    <container type="basic">
                        <action-set>
                            <remap button="125" vjoy="1"/>
                        </action-set>
                    </container>
                </button>
                <button description="" id="126">
                    <container type="basic">
                        <action-set>
                            <remap button="126" vjoy="1"/>
                        </action-set>
                    </container>
                </button>
                <button description="" id="127">
                    <container type="basic">
                        <action-set>
                            <remap button="127" vjoy="1"/>
                        </action-set>
                    </container>
                </button>
                <button description="" id="128">
                    <container type="basic">
                        <action-set>
                            <remap button="128" vjoy="1"/>
                        </action-set>
                    </container>
                </button>
                <hat description="" id="1">
                    <container type="basic">
                        <action-set>
                            <remap hat="1" vjoy="1"/>
                        </action-set>
                    </container>
                </hat>
            </mode>
        </device>
        <device device-guid="{EC8BBEB0-4009-11F0-8002-444553540000}" label="" name=" VKBsim Gladiator EVO  R  " type="joystick">
            <mode name="Auxiliary Mode">
                <axis description="" id="1"/>
                <axis description="" id="2"/>
                <axis description="" id="3"/>
                <axis description="" id="4"/>
                <axis description="" id="5"/>
                <axis description="" id="6"/>
                <axis description="" id="7"/>
                <axis description="" id="8"/>
                <button description="" id="1"/>
                <button description="" id="2"/>
                <button description="" id="3">
                    <container activate-on="press" delay="0.5" type="tempo">
                        <action-set>
                            <remap button="3" vjoy="2"/>
                        </action-set>
                        <action-set>
                            <cycle-modes>
                                <mode name="SCM Mode"/>
                            </cycle-modes>
                            <remap button="128" vjoy="1"/>
                            <remap button="128" vjoy="1"/>
                        </action-set>
                    </container>
                </button>
                <button description="" id="4"/>
                <button description="" id="5"/>
                <button description="" id="6"/>
                <button description="" id="7"/>
                <button description="" id="8"/>
                <button description="" id="9"/>
                <button description="" id="10"/>
                <button description="" id="11"/>
                <button description="" id="12"/>
                <button description="" id="13"/>
                <button description="" id="14"/>
                <button description="" id="15"/>
                <button description="" id="16"/>
                <button description="" id="17"/>
                <button description="" id="18"/>
                <button description="" id="19"/>
                <button description="" id="20"/>
                <button description="" id="21"/>
                <button description="" id="22"/>
                <button description="" id="23"/>
                <button description="" id="24"/>
                <button description="" id="25"/>
                <button description="" id="26"/>
                <button description="" id="27"/>
                <button description="" id="28"/>
                <button description="" id="29"/>
                <button description="" id="30"/>
                <button description="" id="31"/>
                <button description="" id="32"/>
                <button description="" id="33"/>
                <button description="" id="34"/>
                <button description="" id="35"/>
                <button description="" id="36"/>
                <button description="" id="37"/>
                <button description="" id="38"/>
                <button description="" id="39"/>
                <button description="" id="40"/>
                <button description="" id="41"/>
                <button description="" id="42"/>
                <button description="" id="43"/>
                <button description="" id="44"/>
                <button description="" id="45"/>
                <button description="" id="46"/>
                <button description="" id="47"/>
                <button description="" id="48"/>
                <button description="" id="49"/>
                <button description="" id="50"/>
                <button description="" id="51"/>
                <button description="" id="52"/>
                <button description="" id="53"/>
                <button description="" id="54"/>
                <button description="" id="55"/>
                <button description="" id="56"/>
                <button description="" id="57"/>
                <button description="" id="58"/>
                <button description="" id="59"/>
                <button description="" id="60"/>
                <button description="" id="61"/>
                <button description="" id="62"/>
                <button description="" id="63"/>
                <button description="" id="64"/>
                <button description="" id="65"/>
                <button description="" id="66"/>
                <button description="" id="67"/>
                <button description="" id="68"/>
                <button description="" id="69"/>
                <button description="" id="70"/>
                <button description="" id="71"/>
                <button description="" id="72"/>
                <button description="" id="73"/>
                <button description="" id="74"/>
                <button description="" id="75"/>
                <button description="" id="76"/>
                <button description="" id="77"/>
                <button description="" id="78"/>
                <button description="" id="79"/>
                <button description="" id="80"/>
                <button description="" id="81"/>
                <button description="" id="82"/>
                <button description="" id="83"/>
                <button description="" id="84"/>
                <button description="" id="85"/>
                <button description="" id="86"/>
                <button description="" id="87"/>
                <button description="" id="88"/>
                <button description="" id="89"/>
                <button description="" id="90"/>
                <button description="" id="91"/>
                <button description="" id="92"/>
                <button description="" id="93"/>
                <button description="" id="94"/>
                <button description="" id="95"/>
                <button description="" id="96"/>
                <button description="" id="97"/>
                <button description="" id="98"/>
                <button description="" id="99"/>
                <button description="" id="100"/>
                <button description="" id="101"/>
                <button description="" id="102"/>
                <button description="" id="103"/>
                <button description="" id="104"/>
                <button description="" id="105"/>
                <button description="" id="106"/>
                <button description="" id="107"/>
                <button description="" id="108"/>
                <button description="" id="109"/>
                <button description="" id="110"/>
                <button description="" id="111"/>
                <button description="" id="112"/>
                <button description="" id="113"/>
                <button description="" id="114"/>
                <button description="" id="115"/>
                <button description="" id="116"/>
                <button description="" id="117"/>
                <button description="" id="118"/>
                <button description="" id="119"/>
                <button description="" id="120"/>
                <button description="" id="121"/>
                <button description="" id="122"/>
                <button description="" id="123"/>
                <button description="" id="124"/>
                <button description="" id="125"/>
                <button description="" id="126"/>
                <button description="" id="127"/>
                <button description="" id="128"/>
                <hat description="" id="1"/>
            </mode>
            <mode name="Modifier">
                <axis description="" id="1"/>
                <axis description="" id="2"/>
                <axis description="" id="3"/>
                <axis description="" id="4"/>
                <axis description="" id="5"/>
                <axis description="" id="6"/>
                <axis description="" id="7"/>
                <axis description="" id="8"/>
                <button description="" id="1">
                    <container type="basic">
                        <action-set>
                            <remap button="31" vjoy="2"/>
                        </action-set>
                    </container>
                </button>
                <button description="" id="2">
                    <container type="basic">
                        <action-set>
                            <remap button="32" vjoy="2"/>
                        </action-set>
                    </container>
                </button>
                <button description="" id="3">
                    <container type="basic">
                        <action-set>
                            <remap button="33" vjoy="2"/>
                        </action-set>
                    </container>
                </button>
                <button description="" id="4">
                    <container type="basic">
                        <action-set>
                            <remap button="34" vjoy="2"/>
                        </action-set>
                    </container>
                </button>
                <button description="" id="5">
                    <container type="basic">
                        <action-set>
                            <remap button="35" vjoy="2"/>
                        </action-set>
                    </container>
                </button>
                <button description="" id="6">
                    <container type="basic">
                        <action-set>
                            <remap button="41" vjoy="2"/>
                        </action-set>
                    </container>
                </button>
                <button description="" id="7">
                    <container type="basic">
                        <action-set>
                            <remap button="42" vjoy="2"/>
                        </action-set>
                    </container>
                </button>
                <button description="" id="8">
                    <container type="basic">
                        <action-set>
                            <remap button="43" vjoy="2"/>
                        </action-set>
                    </container>
                </button>
                <button description="" id="9">
                    <container type="basic">
                        <action-set>
                            <remap button="44" vjoy="2"/>
                        </action-set>
                    </container>
                </button>
                <button description="" id="10">
                    <container type="basic">
                        <action-set>
                            <remap button="45" vjoy="2"/>
                        </action-set>
                    </container>
                </button>
                <button description="" id="11">
                    <container type="basic">
                        <action-set>
                            <remap button="36" vjoy="2"/>
                        </action-set>
                    </container>
                </button>
                <button description="" id="12">
                    <container type="basic">
                        <action-set>
                            <remap button="37" vjoy="2"/>
                        </action-set>
                    </container>
                </button>
                <button description="" id="13">
                    <container type="basic">
                        <action-set>
                            <remap button="38" vjoy="2"/>
                        </action-set>
                    </container>
                </button>
                <button description="" id="14">
                    <container type="basic">
                        <action-set>
                            <remap button="39" vjoy="2"/>
                        </action-set>
                    </container>
                </button>
                <button description="" id="15">
                    <container type="basic">
                        <action-set>
                            <remap button="40" vjoy="2"/>
                        </action-set>
                    </container>
                </button>
                <button description="" id="16">
                    <container type="basic">
                        <action-set>
                            <remap button="51" vjoy="2"/>
                        </action-set>
                    </container>
                </button>
                <button description="" id="17">
                    <container type="basic">
                        <action-set>
                            <remap button="52" vjoy="2"/>
                        </action-set>
                    </container>
                </button>
                <button description="" id="18">
                    <container type="basic">
                        <action-set>
                            <remap button="53" vjoy="2"/>
                        </action-set>
                    </container>
                </button>
                <button description="" id="19">
                    <container type="basic">
                        <action-set>
                            <remap button="54" vjoy="2"/>
                        </action-set>
                    </container>
                </button>
                <button description="" id="20">
                    <container type="basic">
                        <action-set>
                            <remap button="55" vjoy="2"/>
                        </action-set>
                    </container>
                </button>
                <button description="" id="21">
                    <container type="basic">
                        <action-set>
                            <remap button="56" vjoy="2"/>
                        </action-set>
                    </container>
                </button>
                <button description="" id="22">
                    <container type="basic">
                        <action-set>
                            <remap button="57" vjoy="2"/>
                        </action-set>
                    </container>
                </button>
                <button description="" id="23">
                    <container type="basic">
                        <action-set>
                            <remap button="58" vjoy="2"/>
                        </action-set>
                    </container>
                </button>
                <button description="" id="24">
                    <container type="basic">
                        <action-set>
                            <remap button="59" vjoy="2"/>
                        </action-set>
                    </container>
                </button>
                <button description="" id="25">
                    <container type="basic">
                        <action-set>
                            <remap button="49" vjoy="2"/>
                        </action-set>
                    </container>
                </button>
                <button description="" id="26">
                    <container type="basic">
                        <action-set>
                            <remap button="50" vjoy="2"/>
                        </action-set>
                    </container>
                </button>
                <button description="" id="27">
                    <container type="basic">
                        <action-set>
                            <remap button="46" vjoy="2"/>
                        </action-set>
                    </container>
                </button>
                <button description="" id="28">
                    <container type="basic">
                        <action-set>
                            <remap button="47" vjoy="2"/>
                        </action-set>
                    </container>
                </button>
                <button description="" id="29">
                    <container type="basic">
                        <action-set>
                            <remap button="48" vjoy="2"/>
                        </action-set>
                    </container>
                </button>
                <button description="" id="30"/>
                <button description="" id="31"/>
                <button description="" id="32"/>
                <button description="" id="33"/>
                <button description="" id="34"/>
                <button description="" id="35"/>
                <button description="" id="36"/>
                <button description="" id="37"/>
                <button description="" id="38"/>
                <button description="" id="39"/>
                <button description="" id="40"/>
                <button description="" id="41"/>
                <button description="" id="42"/>
                <button description="" id="43"/>
                <button description="" id="44"/>
                <button description="" id="45"/>
                <button description="" id="46"/>
                <button description="" id="47"/>
                <button description="" id="48"/>
                <button description="" id="49"/>
                <button description="" id="50"/>
                <button description="" id="51"/>
                <button description="" id="52"/>
                <button description="" id="53"/>
                <button description="" id="54"/>
                <button description="" id="55"/>
                <button description="" id="56"/>
                <button description="" id="57"/>
                <button description="" id="58"/>
                <button description="" id="59"/>
                <button description="" id="60"/>
                <button description="" id="61"/>
                <button description="" id="62"/>
                <button description="" id="63"/>
                <button description="" id="64"/>
                <button description="" id="65"/>
                <button description="" id="66"/>
                <button description="" id="67"/>
                <button description="" id="68"/>
                <button description="" id="69"/>
                <button description="" id="70"/>
                <button description="" id="71"/>
                <button description="" id="72"/>
                <button description="" id="73"/>
                <button description="" id="74"/>
                <button description="" id="75"/>
                <button description="" id="76"/>
                <button description="" id="77"/>
                <button description="" id="78"/>
                <button description="" id="79"/>
                <button description="" id="80"/>
                <button description="" id="81"/>
                <button description="" id="82"/>
                <button description="" id="83"/>
                <button description="" id="84"/>
                <button description="" id="85"/>
                <button description="" id="86"/>
                <button description="" id="87"/>
                <button description="" id="88"/>
                <button description="" id="89"/>
                <button description="" id="90"/>
                <button description="" id="91"/>
                <button description="" id="92"/>
                <button description="" id="93"/>
                <button description="" id="94"/>
                <button description="" id="95"/>
                <button description="" id="96"/>
                <button description="" id="97"/>
                <button description="" id="98"/>
                <button description="" id="99"/>
                <button description="" id="100"/>
                <button description="" id="101"/>
                <button description="" id="102"/>
                <button description="" id="103"/>
                <button description="" id="104"/>
                <button description="" id="105"/>
                <button description="" id="106"/>
                <button description="" id="107"/>
                <button description="" id="108"/>
                <button description="" id="109"/>
                <button description="" id="110"/>
                <button description="" id="111"/>
                <button description="" id="112"/>
                <button description="" id="113"/>
                <button description="" id="114"/>
                <button description="" id="115"/>
                <button description="" id="116"/>
                <button description="" id="117"/>
                <button description="" id="118"/>
                <button description="" id="119"/>
                <button description="" id="120"/>
                <button description="" id="121"/>
                <button description="" id="122"/>
                <button description="" id="123"/>
                <button description="" id="124"/>
                <button description="" id="125"/>
                <button description="" id="126"/>
                <button description="" id="127"/>
                <button description="" id="128"/>
                <hat description="" id="1">
                    <container type="basic">
                        <action-set>
                            <remap hat="2" vjoy="2"/>
                        </action-set>
                    </container>
                </hat>
            </mode>
            <mode name="Nav Mode">
                <axis description="" id="1"/>
                <axis description="" id="2"/>
                <axis description="" id="3"/>
                <axis description="" id="4"/>
                <axis description="" id="5"/>
                <axis description="" id="6"/>
                <axis description="" id="7"/>
                <axis description="" id="8"/>
                <button description="" id="1"/>
                <button description="" id="2"/>
                <button description="" id="3">
                    <container activate-on="press" delay="0.5" type="tempo">
                        <action-set>
                            <remap button="3" vjoy="2"/>
                        </action-set>
                        <action-set>
                            <cycle-modes>
                                <mode name="Auxiliary Mode"/>
                            </cycle-modes>
                            <remap button="125" vjoy="1"/>
                        </action-set>
                    </container>
                </button>
                <button description="" id="4"/>
                <button description="" id="5"/>
                <button description="" id="6"/>
                <button description="" id="7"/>
                <button description="" id="8"/>
                <button description="" id="9"/>
                <button description="" id="10"/>
                <button description="" id="11"/>
                <button description="" id="12"/>
                <button description="" id="13"/>
                <button description="" id="14"/>
                <button description="" id="15"/>
                <button description="" id="16"/>
                <button description="" id="17"/>
                <button description="" id="18"/>
                <button description="" id="19"/>
                <button description="" id="20"/>
                <button description="" id="21"/>
                <button description="" id="22"/>
                <button description="" id="23"/>
                <button description="" id="24"/>
                <button description="" id="25"/>
                <button description="" id="26"/>
                <button description="" id="27"/>
                <button description="" id="28"/>
                <button description="" id="29"/>
                <button description="" id="30"/>
                <button description="" id="31"/>
                <button description="" id="32"/>
                <button description="" id="33"/>
                <button description="" id="34"/>
                <button description="" id="35"/>
                <button description="" id="36"/>
                <button description="" id="37"/>
                <button description="" id="38"/>
                <button description="" id="39"/>
                <button description="" id="40"/>
                <button description="" id="41"/>
                <button description="" id="42"/>
                <button description="" id="43"/>
                <button description="" id="44"/>
                <button description="" id="45"/>
                <button description="" id="46"/>
                <button description="" id="47"/>
                <button description="" id="48"/>
                <button description="" id="49"/>
                <button description="" id="50"/>
                <button description="" id="51"/>
                <button description="" id="52"/>
                <button description="" id="53"/>
                <button description="" id="54"/>
                <button description="" id="55"/>
                <button description="" id="56"/>
                <button description="" id="57"/>
                <button description="" id="58"/>
                <button description="" id="59"/>
                <button description="" id="60"/>
                <button description="" id="61"/>
                <button description="" id="62"/>
                <button description="" id="63"/>
                <button description="" id="64"/>
                <button description="" id="65"/>
                <button description="" id="66"/>
                <button description="" id="67"/>
                <button description="" id="68"/>
                <button description="" id="69"/>
                <button description="" id="70"/>
                <button description="" id="71"/>
                <button description="" id="72"/>
                <button description="" id="73"/>
                <button description="" id="74"/>
                <button description="" id="75"/>
                <button description="" id="76"/>
                <button description="" id="77"/>
                <button description="" id="78"/>
                <button description="" id="79"/>
                <button description="" id="80"/>
                <button description="" id="81"/>
                <button description="" id="82"/>
                <button description="" id="83"/>
                <button description="" id="84"/>
                <button description="" id="85"/>
                <button description="" id="86"/>
                <button description="" id="87"/>
                <button description="" id="88"/>
                <button description="" id="89"/>
                <button description="" id="90"/>
                <button description="" id="91"/>
                <button description="" id="92"/>
                <button description="" id="93"/>
                <button description="" id="94"/>
                <button description="" id="95"/>
                <button description="" id="96"/>
                <button description="" id="97"/>
                <button description="" id="98"/>
                <button description="" id="99"/>
                <button description="" id="100"/>
                <button description="" id="101"/>
                <button description="" id="102"/>
                <button description="" id="103"/>
                <button description="" id="104"/>
                <button description="" id="105"/>
                <button description="" id="106"/>
                <button description="" id="107"/>
                <button description="" id="108"/>
                <button description="" id="109"/>
                <button description="" id="110"/>
                <button description="" id="111"/>
                <button description="" id="112"/>
                <button description="" id="113"/>
                <button description="" id="114"/>
                <button description="" id="115"/>
                <button description="" id="116"/>
                <button description="" id="117"/>
                <button description="" id="118"/>
                <button description="" id="119"/>
                <button description="" id="120"/>
                <button description="" id="121"/>
                <button description="" id="122"/>
                <button description="" id="123"/>
                <button description="" id="124"/>
                <button description="" id="125"/>
                <button description="" id="126"/>
                <button description="" id="127"/>
                <button description="" id="128"/>
                <hat description="" id="1"/>
            </mode>
            <mode name="SCM Mode">
                <axis description="" id="1">
                    <container type="basic">
                        <action-set>
                            <remap axis="1" axis-scaling="1.0" axis-type="absolute" vjoy="2"/>
                        </action-set>
                    </container>
                </axis>
                <axis description="" id="2">
                    <container type="basic">
                        <action-set>
                            <remap axis="2" axis-scaling="1.0" axis-type="absolute" vjoy="2"/>
                        </action-set>
                    </container>
                </axis>
                <axis description="" id="3">
                    <container type="basic">
                        <action-set>
                            <remap axis="6" axis-scaling="1.0" axis-type="absolute" vjoy="2"/>
                        </action-set>
                    </container>
                </axis>
                <axis description="" id="4">
                    <container type="basic">
                        <action-set>
                            <response-curve>
                                <mapping type="cubic-bezier-spline">
                                    <control-point x="-1.0" y="-1.0"/>
                                    <control-point x="0.004" y="-1.0"/>
                                    <control-point x="-0.05" y="0.0"/>
                                    <control-point x="0.0" y="0.0"/>
                                    <control-point x="0.05" y="0.0"/>
                                    <control-point x="-0.008" y="1.0"/>
                                    <control-point x="1.0" y="1.0"/>
                                </mapping>
                                <deadzone center-high="0.0" center-low="0.0" high="1.0" low="-1.0"/>
                            </response-curve>
                            <map-to-mouse button-id="1" direction="90" max-speed="3000" min-speed="0" motion-input="True" time-to-max-speed="1.0"/>
                        </action-set>
                    </container>
                </axis>
                <axis description="" id="5">
                    <container type="basic">
                        <action-set>
                            <response-curve>
                                <mapping type="cubic-bezier-spline">
                                    <control-point x="-1.0" y="1.0"/>
                                    <control-point x="-0.0040000000000000036" y="1.0"/>
                                    <control-point x="-0.05" y="-0.0"/>
                                    <control-point x="0.0" y="0.0"/>
                                    <control-point x="0.05" y="-0.0"/>
                                    <control-point x="0.004" y="-1.0"/>
                                    <control-point x="1.0" y="-1.0"/>
                                </mapping>
                                <deadzone center-high="0.0" center-low="0.0" high="1.0" low="-1.0"/>
                            </response-curve>
                            <map-to-mouse button-id="1" direction="0" max-speed="3000" min-speed="0" motion-input="True" time-to-max-speed="1.0"/>
                        </action-set>
                    </container>
                </axis>
                <axis description="" id="6">
                    <container type="basic">
                        <action-set>
                            <remap axis="3" axis-scaling="1.0" axis-type="absolute" vjoy="2"/>
                        </action-set>
                    </container>
                </axis>
                <axis description="" id="7"/>
                <axis description="" id="8"/>
                <button description="" id="1">
                    <container type="basic">
                        <action-set>
                            <remap button="1" vjoy="2"/>
                        </action-set>
                    </container>
                </button>
                <button description="" id="2">
                    <container type="basic">
                        <action-set>
                            <remap button="2" vjoy="2"/>
                        </action-set>
                    </container>
                </button>
                <button description="" id="3">
                    <container activate-on="press" delay="0.5" type="tempo">
                        <action-set>
                            <remap button="3" vjoy="2"/>
                        </action-set>
                        <action-set>
                            <cycle-modes>
                                <mode name="Auxiliary Mode"/>
                            </cycle-modes>
                            <remap button="126" vjoy="2"/>
                        </action-set>
                    </container>
                </button>
                <button description="" id="4">
                    <container type="basic">
                        <action-set>
                            <remap button="4" vjoy="2"/>
                        </action-set>
                    </container>
                </button>
                <button description="" id="5">
                    <container type="basic">
                        <action-set>
                            <remap button="5" vjoy="2"/>
                        </action-set>
                    </container>
                </button>
                <button description="" id="6">
                    <container type="basic">
                        <action-set>
                            <remap button="11" vjoy="2"/>
                        </action-set>
                    </container>
                </button>
                <button description="" id="7">
                    <container type="basic">
                        <action-set>
                            <remap button="12" vjoy="2"/>
                        </action-set>
                    </container>
                </button>
                <button description="" id="8">
                    <container type="basic">
                        <action-set>
                            <remap button="13" vjoy="2"/>
                        </action-set>
                    </container>
                </button>
                <button description="" id="9">
                    <container type="basic">
                        <action-set>
                            <remap button="14" vjoy="2"/>
                        </action-set>
                    </container>
                </button>
                <button description="" id="10">
                    <container type="basic">
                        <action-set>
                            <remap button="15" vjoy="2"/>
                        </action-set>
                    </container>
                </button>
                <button description="" id="11">
                    <container type="basic">
                        <action-set>
                            <remap button="6" vjoy="2"/>
                        </action-set>
                    </container>
                </button>
                <button description="" id="12">
                    <container type="basic">
                        <action-set>
                            <remap button="7" vjoy="2"/>
                        </action-set>
                    </container>
                </button>
                <button description="" id="13">
                    <container type="basic">
                        <action-set>
                            <remap button="8" vjoy="2"/>
                        </action-set>
                    </container>
                </button>
                <button description="" id="14">
                    <container type="basic">
                        <action-set>
                            <remap button="9" vjoy="2"/>
                        </action-set>
                    </container>
                </button>
                <button description="" id="15">
                    <container type="basic">
                        <action-set>
                            <remap button="10" vjoy="2"/>
                        </action-set>
                    </container>
                </button>
                <button description="" id="16">
                    <container type="basic">
                        <action-set>
                            <remap button="21" vjoy="2"/>
                        </action-set>
                    </container>
                </button>
                <button description="" id="17">
                    <container type="basic">
                        <action-set>
                            <remap button="22" vjoy="2"/>
                        </action-set>
                    </container>
                </button>
                <button description="" id="18">
                    <container type="basic">
                        <action-set>
                            <remap button="23" vjoy="2"/>
                        </action-set>
                    </container>
                </button>
                <button description="" id="19">
                    <container type="basic">
                        <action-set>
                            <remap button="24" vjoy="2"/>
                        </action-set>
                    </container>
                </button>
                <button description="" id="20">
                    <container type="basic">
                        <action-set>
                            <remap button="25" vjoy="2"/>
                        </action-set>
                    </container>
                </button>
                <button description="" id="21">
                    <container type="basic">
                        <action-set>
                            <remap button="26" vjoy="2"/>
                        </action-set>
                    </container>
                </button>
                <button description="" id="22">
                    <container type="basic">
                        <action-set>
                            <remap button="27" vjoy="2"/>
                        </action-set>
                    </container>
                </button>
                <button description="" id="23">
                    <container type="basic">
                        <action-set>
                            <remap button="28" vjoy="2"/>
                        </action-set>
                    </container>
                </button>
                <button description="" id="24">
                    <container type="basic">
                        <action-set>
                            <remap button="29" vjoy="2"/>
                        </action-set>
                    </container>
                </button>
                <button description="" id="25">
                    <container type="basic">
                        <action-set>
                            <remap button="19" vjoy="2"/>
                        </action-set>
                    </container>
                </button>
                <button description="" id="26">
                    <container type="basic">
                        <action-set>
                            <remap button="20" vjoy="2"/>
                        </action-set>
                    </container>
                </button>
                <button description="" id="27">
                    <container type="basic">
                        <action-set>
                            <remap button="16" vjoy="2"/>
                        </action-set>
                    </container>
                </button>
                <button description="" id="28">
                    <container type="basic">
                        <action-set>
                            <remap button="17" vjoy="2"/>
                        </action-set>
                    </container>
                </button>
                <button description="" id="29">
                    <container type="basic">
                        <action-set>
                            <remap button="18" vjoy="2"/>
                        </action-set>
                    </container>
                </button>
                <button description="" id="30"/>
                <button description="" id="31"/>
                <button description="" id="32"/>
                <button description="" id="33"/>
                <button description="" id="34"/>
                <button description="" id="35"/>
                <button description="" id="36"/>
                <button description="" id="37"/>
                <button description="" id="38"/>
                <button description="" id="39"/>
                <button description="" id="40"/>
                <button description="" id="41"/>
                <button description="" id="42"/>
                <button description="" id="43"/>
                <button description="" id="44"/>
                <button description="" id="45"/>
                <button description="" id="46"/>
                <button description="" id="47"/>
                <button description="" id="48"/>
                <button description="" id="49"/>
                <button description="" id="50"/>
                <button description="" id="51"/>
                <button description="" id="52"/>
                <button description="" id="53"/>
                <button description="" id="54"/>
                <button description="" id="55"/>
                <button description="" id="56"/>
                <button description="" id="57"/>
                <button description="" id="58"/>
                <button description="" id="59"/>
                <button description="" id="60"/>
                <button description="" id="61"/>
                <button description="" id="62"/>
                <button description="" id="63"/>
                <button description="" id="64"/>
                <button description="" id="65"/>
                <button description="" id="66"/>
                <button description="" id="67"/>
                <button description="" id="68"/>
                <button description="" id="69"/>
                <button description="" id="70"/>
                <button description="" id="71"/>
                <button description="" id="72"/>
                <button description="" id="73"/>
                <button description="" id="74"/>
                <button description="" id="75"/>
                <button description="" id="76"/>
                <button description="" id="77"/>
                <button description="" id="78"/>
                <button description="" id="79"/>
                <button description="" id="80"/>
                <button description="" id="81"/>
                <button description="" id="82"/>
                <button description="" id="83"/>
                <button description="" id="84"/>
                <button description="" id="85"/>
                <button description="" id="86"/>
                <button description="" id="87"/>
                <button description="" id="88"/>
                <button description="" id="89"/>
                <button description="" id="90"/>
                <button description="" id="91"/>
                <button description="" id="92"/>
                <button description="" id="93"/>
                <button description="" id="94"/>
                <button description="" id="95"/>
                <button description="" id="96"/>
                <button description="" id="97"/>
                <button description="" id="98"/>
                <button description="" id="99"/>
                <button description="" id="100"/>
                <button description="" id="101"/>
                <button description="" id="102"/>
                <button description="" id="103"/>
                <button description="" id="104"/>
                <button description="" id="105"/>
                <button description="" id="106"/>
                <button description="" id="107"/>
                <button description="" id="108"/>
                <button description="" id="109"/>
                <button description="" id="110"/>
                <button description="" id="111"/>
                <button description="" id="112"/>
                <button description="" id="113"/>
                <button description="" id="114"/>
                <button description="" id="115"/>
                <button description="" id="116"/>
                <button description="" id="117"/>
                <button description="" id="118"/>
                <button description="" id="119"/>
                <button description="" id="120"/>
                <button description="" id="121"/>
                <button description="" id="122"/>
                <button description="" id="123"/>
                <button description="" id="124"/>
                <button description="" id="125"/>
                <button description="" id="126"/>
                <button description="" id="127"/>
                <button description="" id="128"/>
                <hat description="" id="1">
                    <container type="basic">
                        <action-set>
                            <remap hat="1" vjoy="2"/>
                        </action-set>
                    </container>
                </hat>
            </mode>
        </device>
    </devices>
    <vjoy-devices>
    </vjoy-devices>
    <settings>
        <default-delay>0.05</default-delay>
    </settings>
    <plugins/>
</profile>
